id,instrument,direction,quantity,opened_at,closed_at,open_price,close_price,commission,net_pnl,setup
W0001,ESZ4,Long,2.0,2021-06-01 09:45:00,2021-06-01 13:45:00,4410.75,4407.50,8.40,-333.40,trend
W0002,ESZ4,Long,2.0,2021-06-02 09:45:00,2021-06-02 12:45:00,4598.00,4605.50,8.40,741.60,trend
W0003,ESZ4,Short,2.0,2021-06-03 09:45:00,2021-06-03 11:45:00,4211.50,4203.00,8.40,841.60,trend
W0004,ESZ4,Short,2.0,2021-06-04 09:45:00,2021-06-04 14:45:00,4317.00,4315.75,8.40,116.60,trend
W0005,ESZ4,Long,2.0,2021-06-07 09:45:00,2021-06-07 12:45:00,4672.00,4674.00,8.40,191.60,trend
W0006,ESZ4,Long,2.0,2021-06-08 09:45:00,2021-06-08 11:45:00,4245.25,4249.00,8.40,366.60,trend
W0007,ESZ4,Long,2.0,2021-06-09 09:45:00,2021-06-09 14:45:00,4914.00,4916.50,8.40,241.60,trend
W0008,ESZ4,Long,2.0,2021-06-10 09:45:00,2021-06-10 10:45:00,4607.75,4609.25,8.40,141.60,trend
W0009,ESZ4,Short,2.0,2021-06-11 09:45:00,2021-06-11 10:45:00,4273.25,4284.75,8.40,-1158.40,trend
W0010,ESZ4,Long,2.0,2021-06-14 09:45:00,2021-06-14 13:45:00,4998.25,5003.00,8.40,466.60,trend
W0011,ESZ4,Short,2.0,2021-06-15 09:45:00,2021-06-15 10:45:00,4735.25,4730.00,8.40,516.60,trend
W0012,ESZ4,Short,2.0,2021-06-16 09:45:00,2021-06-16 10:45:00,5057.25,5064.50,8.40,-733.40,trend
W0013,ESZ4,Short,2.0,2021-06-17 09:45:00,2021-06-17 13:45:00,4535.50,4540.00,8.40,-458.40,trend
W0014,ESZ4,Short,2.0,2021-06-18 09:45:00,2021-06-18 13:45:00,4424.25,4423.25,8.40,91.60,trend
W0015,ESZ4,Long,2.0,2021-06-21 09:45:00,2021-06-21 10:45:00,4481.00,4485.00,8.40,391.60,trend
W0016,ESZ4,Short,2.0,2021-06-22 09:45:00,2021-06-22 13:45:00,4213.00,4203.25,8.40,966.60,trend
W0017,ESZ4,Short,2.0,2021-06-23 09:45:00,2021-06-23 14:45:00,4936.00,4937.50,8.40,-158.40,trend
W0018,ESZ4,Long,2.0,2021-06-24 09:45:00,2021-06-24 11:45:00,4995.50,4999.50,8.40,391.60,trend
W0019,ESZ4,Short,2.0,2021-06-25 09:45:00,2021-06-25 11:45:00,4727.00,4723.75,8.40,316.60,trend
W0020,ESZ4,Short,2.0,2021-06-28 09:45:00,2021-06-28 12:45:00,4493.00,4490.50,8.40,241.60,trend
W0021,ESZ4,Short,2.0,2021-06-29 09:45:00,2021-06-29 12:45:00,4274.75,4275.75,8.40,-108.40,trend
W0022,ESZ4,Short,2.0,2021-06-30 09:45:00,2021-06-30 11:45:00,4559.50,4557.50,8.40,191.60,trend
W0023,ESZ4,Short,2.0,2021-07-01 09:45:00,2021-07-01 12:45:00,4500.50,4501.75,8.40,-133.40,trend
W0024,ESZ4,Short,2.0,2021-07-02 09:45:00,2021-07-02 10:45:00,4926.00,4917.25,8.40,866.60,trend
W0025,ESZ4,Long,2.0,2021-07-05 09:45:00,2021-07-05 14:45:00,4331.50,4325.75,8.40,-583.40,trend
W0026,ESZ4,Short,2.0,2021-07-06 09:45:00,2021-07-06 11:45:00,5123.75,5124.50,8.40,-83.40,trend
W0027,ESZ4,Long,2.0,2021-07-07 09:45:00,2021-07-07 13:45:00,4427.00,4415.75,8.40,-1133.40,trend
W0028,ESZ4,Long,2.0,2021-07-08 09:45:00,2021-07-08 14:45:00,4300.25,4301.75,8.40,141.60,trend
W0029,ESZ4,Long,2.0,2021-07-09 09:45:00,2021-07-09 13:45:00,4432.00,4438.50,8.40,641.60,trend
W0030,ESZ4,Long,2.0,2021-07-12 09:45:00,2021-07-12 12:45:00,4249.25,4252.75,8.40,341.60,trend
W0031,ESZ4,Short,2.0,2021-07-13 09:45:00,2021-07-13 13:45:00,4757.25,4757.75,8.40,-58.40,trend
W0032,ESZ4,Long,2.0,2021-07-14 09:45:00,2021-07-14 14:45:00,4292.75,4296.25,8.40,341.60,trend
W0033,ESZ4,Short,2.0,2021-07-15 09:45:00,2021-07-15 12:45:00,5193.50,5189.50,8.40,391.60,trend
W0034,ESZ4,Short,2.0,2021-07-16 09:45:00,2021-07-16 10:45:00,4741.75,4735.00,8.40,666.60,trend
W0035,ESZ4,Long,2.0,2021-07-19 09:45:00,2021-07-19 10:45:00,4285.25,4285.00,8.40,-33.40,trend
W0036,ESZ4,Long,2.0,2021-07-20 09:45:00,2021-07-20 14:45:00,4409.50,4412.25,8.40,266.60,trend
W0037,ESZ4,Short,2.0,2021-07-21 09:45:00,2021-07-21 13:45:00,5031.00,5034.00,8.40,-308.40,trend
W0038,ESZ4,Long,2.0,2021-07-22 09:45:00,2021-07-22 11:45:00,4246.75,4247.00,8.40,16.60,trend
W0039,ESZ4,Short,2.0,2021-07-23 09:45:00,2021-07-23 12:45:00,4225.00,4225.50,8.40,-58.40,trend
W0040,ESZ4,Short,2.0,2021-07-26 09:45:00,2021-07-26 14:45:00,5053.75,5061.50,8.40,-783.40,trend
W0041,ESZ4,Long,2.0,2021-07-27 09:45:00,2021-07-27 11:45:00,5196.25,5191.25,8.40,-508.40,trend
W0042,ESZ4,Short,2.0,2021-07-28 09:45:00,2021-07-28 10:45:00,4448.75,4453.75,8.40,-508.40,trend
W0043,ESZ4,Long,2.0,2021-07-29 09:45:00,2021-07-29 13:45:00,4725.75,4732.75,8.40,691.60,trend
W0044,ESZ4,Long,2.0,2021-07-30 09:45:00,2021-07-30 10:45:00,4482.75,4480.75,8.40,-208.40,trend
W0045,ESZ4,Long,2.0,2021-08-02 09:45:00,2021-08-02 10:45:00,4250.50,4262.75,8.40,1216.60,trend
W0046,ESZ4,Short,2.0,2021-08-03 09:45:00,2021-08-03 14:45:00,4889.00,4891.25,8.40,-233.40,trend
W0047,ESZ4,Long,2.0,2021-08-04 09:45:00,2021-08-04 14:45:00,4226.00,4219.75,8.40,-633.40,trend
W0048,ESZ4,Short,2.0,2021-08-05 09:45:00,2021-08-05 10:45:00,4350.00,4347.00,8.40,291.60,trend
W0049,ESZ4,Short,2.0,2021-08-06 09:45:00,2021-08-06 12:45:00,5152.75,5156.75,8.40,-408.40,trend
W0050,ESZ4,Short,2.0,2021-08-09 09:45:00,2021-08-09 11:45:00,4485.25,4485.00,8.40,16.60,trend
W0051,ESZ4,Short,2.0,2021-08-10 09:45:00,2021-08-10 14:45:00,4809.00,4806.25,8.40,266.60,trend
W0052,ESZ4,Long,2.0,2021-08-11 09:45:00,2021-08-11 14:45:00,5019.50,5022.50,8.40,291.60,trend
W0053,ESZ4,Short,2.0,2021-08-12 09:45:00,2021-08-12 14:45:00,5072.25,5071.50,8.40,66.60,trend
W0054,ESZ4,Long,2.0,2021-08-13 09:45:00,2021-08-13 14:45:00,5068.00,5063.75,8.40,-433.40,trend
W0055,ESZ4,Long,2.0,2021-08-16 09:45:00,2021-08-16 14:45:00,4699.00,4697.00,8.40,-208.40,trend
W0056,ESZ4,Long,2.0,2021-08-17 09:45:00,2021-08-17 11:45:00,4267.50,4272.75,8.40,516.60,trend
W0057,ESZ4,Long,2.0,2021-08-18 09:45:00,2021-08-18 11:45:00,4297.00,4290.25,8.40,-683.40,trend
W0058,ESZ4,Long,2.0,2021-08-19 09:45:00,2021-08-19 11:45:00,4349.25,4346.50,8.40,-283.40,trend
W0059,ESZ4,Short,2.0,2021-08-20 09:45:00,2021-08-20 10:45:00,5016.00,5020.75,8.40,-483.40,trend
W0060,ESZ4,Short,2.0,2021-08-23 09:45:00,2021-08-23 12:45:00,5189.25,5176.25,8.40,1291.60,trend
W0061,ESZ4,Long,2.0,2021-08-24 09:45:00,2021-08-24 11:45:00,4647.50,4642.00,8.40,-558.40,trend
W0062,ESZ4,Long,2.0,2021-08-25 09:45:00,2021-08-25 10:45:00,4554.75,4557.50,8.40,266.60,trend
W0063,ESZ4,Long,2.0,2021-08-26 09:45:00,2021-08-26 11:45:00,4330.75,4325.25,8.40,-558.40,trend
W0064,ESZ4,Long,2.0,2021-08-27 09:45:00,2021-08-27 13:45:00,4781.00,4779.50,8.40,-158.40,trend
W0065,ESZ4,Short,2.0,2021-08-30 09:45:00,2021-08-30 13:45:00,4718.25,4731.75,8.40,-1358.40,trend
W0066,ESZ4,Short,2.0,2021-08-31 09:45:00,2021-08-31 11:45:00,4696.00,4697.00,8.40,-108.40,trend
W0067,ESZ4,Long,2.0,2021-09-01 09:45:00,2021-09-01 14:45:00,4891.00,4892.25,8.40,116.60,trend
W0068,ESZ4,Long,2.0,2021-09-02 09:45:00,2021-09-02 13:45:00,4953.75,4956.50,8.40,266.60,trend
W0069,ESZ4,Short,2.0,2021-09-03 09:45:00,2021-09-03 14:45:00,5100.00,5096.75,8.40,316.60,trend
W0070,ESZ4,Long,2.0,2021-09-06 09:45:00,2021-09-06 12:45:00,5165.25,5164.75,8.40,-58.40,trend
W0071,ESZ4,Short,2.0,2021-09-07 09:45:00,2021-09-07 11:45:00,4801.50,4797.25,8.40,416.60,trend
W0072,ESZ4,Long,2.0,2021-09-08 09:45:00,2021-09-08 10:45:00,5181.00,5189.25,8.40,816.60,trend
W0073,ESZ4,Short,2.0,2021-09-09 09:45:00,2021-09-09 14:45:00,4549.75,4554.75,8.40,-508.40,trend
W0074,ESZ4,Long,2.0,2021-09-10 09:45:00,2021-09-10 10:45:00,5191.00,5190.25,8.40,-83.40,trend
W0075,ESZ4,Short,2.0,2021-09-13 09:45:00,2021-09-13 10:45:00,4946.25,4948.00,8.40,-183.40,trend
W0076,ESZ4,Short,2.0,2021-09-14 09:45:00,2021-09-14 14:45:00,4246.50,4249.00,8.40,-258.40,trend
W0077,ESZ4,Short,2.0,2021-09-15 09:45:00,2021-09-15 14:45:00,4519.50,4514.50,8.40,491.60,trend
W0078,ESZ4,Long,2.0,2021-09-16 09:45:00,2021-09-16 13:45:00,4972.25,4974.75,8.40,241.60,trend
W0079,ESZ4,Long,2.0,2021-09-17 09:45:00,2021-09-17 13:45:00,4938.75,4937.25,8.40,-158.40,trend
W0080,ESZ4,Long,2.0,2021-09-20 09:45:00,2021-09-20 10:45:00,4328.25,4326.25,8.40,-208.40,trend
W0081,ESZ4,Short,2.0,2021-09-21 09:45:00,2021-09-21 10:45:00,4302.75,4303.75,8.40,-108.40,trend
W0082,ESZ4,Short,2.0,2021-09-22 09:45:00,2021-09-22 10:45:00,5120.00,5123.25,8.40,-333.40,trend
W0083,ESZ4,Short,2.0,2021-09-23 09:45:00,2021-09-23 13:45:00,4730.00,4730.50,8.40,-58.40,trend
W0084,ESZ4,Long,2.0,2021-09-24 09:45:00,2021-09-24 10:45:00,4857.75,4866.00,8.40,816.60,trend
W0085,ESZ4,Long,2.0,2021-09-27 09:45:00,2021-09-27 13:45:00,4349.25,4349.00,8.40,-33.40,trend
W0086,ESZ4,Short,2.0,2021-09-28 09:45:00,2021-09-28 11:45:00,4474.75,4485.00,8.40,-1033.40,trend
W0087,ESZ4,Short,2.0,2021-09-29 09:45:00,2021-09-29 12:45:00,4487.00,4484.00,8.40,291.60,trend
W0088,ESZ4,Short,2.0,2021-09-30 09:45:00,2021-09-30 11:45:00,4374.00,4369.25,8.40,466.60,trend
W0089,ESZ4,Long,2.0,2021-10-01 09:45:00,2021-10-01 10:45:00,4517.00,4519.75,8.40,266.60,trend
W0090,ESZ4,Short,2.0,2021-10-04 09:45:00,2021-10-04 11:45:00,4800.25,4798.25,8.40,191.60,trend
W0091,ESZ4,Long,2.0,2021-10-05 09:45:00,2021-10-05 10:45:00,4282.00,4286.25,8.40,416.60,trend
W0092,ESZ4,Long,2.0,2021-10-06 09:45:00,2021-10-06 10:45:00,4940.50,4941.25,8.40,66.60,trend
W0093,ESZ4,Long,2.0,2021-10-07 09:45:00,2021-10-07 10:45:00,4887.50,4885.75,8.40,-183.40,trend
W0094,ESZ4,Long,2.0,2021-10-08 09:45:00,2021-10-08 14:45:00,4964.00,4962.00,8.40,-208.40,trend
W0095,ESZ4,Short,2.0,2021-10-11 09:45:00,2021-10-11 13:45:00,4914.50,4908.50,8.40,591.60,trend
W0096,ESZ4,Short,2.0,2021-10-12 09:45:00,2021-10-12 10:45:00,4638.50,4637.00,8.40,141.60,trend
W0097,ESZ4,Long,2.0,2021-10-13 09:45:00,2021-10-13 14:45:00,4438.50,4440.75,8.40,216.60,trend
W0098,ESZ4,Long,2.0,2021-10-14 09:45:00,2021-10-14 13:45:00,4438.00,4442.25,8.40,416.60,trend
W0099,ESZ4,Short,2.0,2021-10-15 09:45:00,2021-10-15 13:45:00,5066.25,5068.75,8.40,-258.40,trend
W0100,ESZ4,Short,2.0,2021-10-18 09:45:00,2021-10-18 12:45:00,4202.75,4201.75,8.40,91.60,trend
W0101,ESZ4,Short,2.0,2021-10-19 09:45:00,2021-10-19 11:45:00,4806.25,4796.75,8.40,941.60,trend
W0102,ESZ4,Long,2.0,2021-10-20 09:45:00,2021-10-20 14:45:00,5070.25,5074.00,8.40,366.60,trend
W0103,ESZ4,Long,2.0,2021-10-21 09:45:00,2021-10-21 12:45:00,4323.25,4319.50,8.40,-383.40,trend
W0104,ESZ4,Long,2.0,2021-10-22 09:45:00,2021-10-22 14:45:00,4978.25,4983.75,8.40,541.60,trend
W0105,ESZ4,Short,2.0,2021-10-25 09:45:00,2021-10-25 14:45:00,5080.00,5085.50,8.40,-558.40,trend
W0106,ESZ4,Short,2.0,2021-10-26 09:45:00,2021-10-26 14:45:00,4961.00,4966.00,8.40,-508.40,trend
W0107,ESZ4,Short,2.0,2021-10-27 09:45:00,2021-10-27 12:45:00,4731.75,4725.00,8.40,666.60,trend
W0108,ESZ4,Short,2.0,2021-10-28 09:45:00,2021-10-28 10:45:00,4491.50,4483.50,8.40,791.60,trend
W0109,ESZ4,Short,2.0,2021-10-29 09:45:00,2021-10-29 10:45:00,4296.75,4298.50,8.40,-183.40,trend
W0110,ESZ4,Short,2.0,2021-11-01 09:45:00,2021-11-01 14:45:00,4645.00,4645.25,8.40,-33.40,trend
W0111,ESZ4,Long,2.0,2021-11-02 09:45:00,2021-11-02 10:45:00,4856.75,4861.25,8.40,441.60,trend
W0112,ESZ4,Long,2.0,2021-11-03 09:45:00,2021-11-03 12:45:00,4696.50,4687.75,8.40,-883.40,trend
W0113,ESZ4,Long,2.0,2021-11-04 09:45:00,2021-11-04 14:45:00,4667.00,4680.25,8.40,1316.60,trend
W0114,ESZ4,Short,2.0,2021-11-05 09:45:00,2021-11-05 11:45:00,4335.25,4328.75,8.40,641.60,trend
W0115,ESZ4,Short,2.0,2021-11-08 09:45:00,2021-11-08 14:45:00,4315.50,4304.00,8.40,1141.60,trend
W0116,ESZ4,Short,2.0,2021-11-09 09:45:00,2021-11-09 11:45:00,4622.50,4622.50,8.40,-8.40,trend
W0117,ESZ4,Short,2.0,2021-11-10 09:45:00,2021-11-10 13:45:00,4322.75,4321.00,8.40,166.60,trend
W0118,ESZ4,Short,2.0,2021-11-11 09:45:00,2021-11-11 13:45:00,5090.00,5092.00,8.40,-208.40,trend
W0119,ESZ4,Short,2.0,2021-11-12 09:45:00,2021-11-12 12:45:00,4923.25,4912.50,8.40,1066.60,trend
W0120,ESZ4,Short,2.0,2021-11-15 09:45:00,2021-11-15 13:45:00,4902.75,4906.75,8.40,-408.40,trend
W0121,ESZ4,Long,2.0,2021-11-16 09:45:00,2021-11-16 14:45:00,5053.50,5045.50,8.40,-808.40,trend
W0122,ESZ4,Long,2.0,2021-11-17 09:45:00,2021-11-17 10:45:00,4597.00,4593.00,8.40,-408.40,trend
W0123,ESZ4,Short,2.0,2021-11-18 09:45:00,2021-11-18 13:45:00,5115.75,5112.75,8.40,291.60,trend
W0124,ESZ4,Short,2.0,2021-11-19 09:45:00,2021-11-19 11:45:00,4571.00,4577.00,8.40,-608.40,trend
W0125,ESZ4,Long,2.0,2021-11-22 09:45:00,2021-11-22 13:45:00,4771.50,4773.75,8.40,216.60,trend
W0126,ESZ4,Short,2.0,2021-11-23 09:45:00,2021-11-23 12:45:00,5123.75,5117.75,8.40,591.60,trend
W0127,ESZ4,Long,2.0,2021-11-24 09:45:00,2021-11-24 10:45:00,4966.25,4957.25,8.40,-908.40,trend
W0128,ESZ4,Long,2.0,2021-11-25 09:45:00,2021-11-25 13:45:00,5178.25,5184.00,8.40,566.60,trend
W0129,ESZ4,Short,2.0,2021-11-26 09:45:00,2021-11-26 14:45:00,4242.25,4241.50,8.40,66.60,trend
W0130,ESZ4,Short,2.0,2021-11-29 09:45:00,2021-11-29 14:45:00,4322.25,4323.25,8.40,-108.40,trend
W0131,ESZ4,Short,2.0,2021-11-30 09:45:00,2021-11-30 12:45:00,4996.25,4999.75,8.40,-358.40,trend
W0132,ESZ4,Short,2.0,2021-12-01 09:45:00,2021-12-01 14:45:00,4995.75,4987.00,8.40,866.60,trend
W0133,ESZ4,Long,2.0,2021-12-02 09:45:00,2021-12-02 10:45:00,4811.50,4809.25,8.40,-233.40,trend
W0134,ESZ4,Long,2.0,2021-12-03 09:45:00,2021-12-03 12:45:00,4982.50,4983.00,8.40,41.60,trend
W0135,ESZ4,Long,2.0,2021-12-06 09:45:00,2021-12-06 13:45:00,4296.25,4299.50,8.40,316.60,trend
W0136,ESZ4,Short,2.0,2021-12-07 09:45:00,2021-12-07 11:45:00,4540.75,4552.00,8.40,-1133.40,trend
W0137,ESZ4,Long,2.0,2021-12-08 09:45:00,2021-12-08 11:45:00,4247.25,4244.50,8.40,-283.40,trend
W0138,ESZ4,Long,2.0,2021-12-09 09:45:00,2021-12-09 10:45:00,4633.75,4631.00,8.40,-283.40,trend
W0139,ESZ4,Long,2.0,2021-12-10 09:45:00,2021-12-10 10:45:00,5031.00,5034.00,8.40,291.60,trend
W0140,ESZ4,Long,2.0,2021-12-13 09:45:00,2021-12-13 14:45:00,4402.50,4390.75,8.40,-1183.40,trend
W0141,ESZ4,Short,2.0,2021-12-14 09:45:00,2021-12-14 12:45:00,4504.00,4509.50,8.40,-558.40,trend
W0142,ESZ4,Short,2.0,2021-12-15 09:45:00,2021-12-15 14:45:00,4616.25,4616.25,8.40,-8.40,trend
W0143,ESZ4,Long,2.0,2021-12-16 09:45:00,2021-12-16 13:45:00,4712.75,4708.00,8.40,-483.40,trend
W0144,ESZ4,Short,2.0,2021-12-17 09:45:00,2021-12-17 12:45:00,4455.25,4459.50,8.40,-433.40,trend
W0145,ESZ4,Short,2.0,2021-12-20 09:45:00,2021-12-20 12:45:00,4368.00,4361.25,8.40,666.60,trend
W0146,ESZ4,Long,2.0,2021-12-21 09:45:00,2021-12-21 14:45:00,4900.25,4899.00,8.40,-133.40,trend
W0147,ESZ4,Short,2.0,2021-12-22 09:45:00,2021-12-22 13:45:00,4864.25,4871.00,8.40,-683.40,trend
W0148,ESZ4,Long,2.0,2021-12-23 09:45:00,2021-12-23 10:45:00,4720.00,4729.25,8.40,916.60,trend
W0149,ESZ4,Long,2.0,2021-12-24 09:45:00,2021-12-24 10:45:00,5032.00,5038.25,8.40,616.60,trend
W0150,ESZ4,Short,2.0,2021-12-27 09:45:00,2021-12-27 14:45:00,4827.00,4835.50,8.40,-858.40,trend
W0151,ESZ4,Long,2.0,2021-12-28 09:45:00,2021-12-28 13:45:00,4385.00,4381.50,8.40,-358.40,trend
W0152,ESZ4,Long,2.0,2021-12-29 09:45:00,2021-12-29 12:45:00,4845.75,4847.50,8.40,166.60,trend
W0153,ESZ4,Short,2.0,2021-12-30 09:45:00,2021-12-30 11:45:00,4274.25,4271.75,8.40,241.60,trend
W0154,ESZ4,Short,2.0,2021-12-31 09:45:00,2021-12-31 10:45:00,4410.25,4411.25,8.40,-108.40,trend
W0155,ESZ4,Long,2.0,2022-01-03 09:45:00,2022-01-03 13:45:00,4602.25,4600.50,8.40,-183.40,trend
W0156,ESZ4,Long,2.0,2022-01-04 09:45:00,2022-01-04 13:45:00,4256.25,4260.25,8.40,391.60,trend
W0157,ESZ4,Long,2.0,2022-01-05 09:45:00,2022-01-05 10:45:00,4682.25,4682.50,8.40,16.60,trend
W0158,ESZ4,Long,2.0,2022-01-06 09:45:00,2022-01-06 12:45:00,4501.50,4500.00,8.40,-158.40,trend
W0159,ESZ4,Short,2.0,2022-01-07 09:45:00,2022-01-07 10:45:00,4518.00,4511.75,8.40,616.60,trend
W0160,ESZ4,Short,2.0,2022-01-10 09:45:00,2022-01-10 10:45:00,4505.25,4503.75,8.40,141.60,trend
W0161,ESZ4,Long,2.0,2022-01-11 09:45:00,2022-01-11 14:45:00,4449.00,4455.00,8.40,591.60,trend
W0162,ESZ4,Long,2.0,2022-01-12 09:45:00,2022-01-12 13:45:00,4407.25,4408.00,8.40,66.60,trend
W0163,ESZ4,Long,2.0,2022-01-13 09:45:00,2022-01-13 10:45:00,4995.00,4992.25,8.40,-283.40,trend
W0164,ESZ4,Short,2.0,2022-01-14 09:45:00,2022-01-14 13:45:00,4893.50,4893.25,8.40,16.60,trend
W0165,ESZ4,Long,2.0,2022-01-17 09:45:00,2022-01-17 14:45:00,5188.00,5190.50,8.40,241.60,trend
W0166,ESZ4,Long,2.0,2022-01-18 09:45:00,2022-01-18 10:45:00,4296.25,4305.00,8.40,866.60,trend
W0167,ESZ4,Long,2.0,2022-01-19 09:45:00,2022-01-19 11:45:00,5149.00,5148.00,8.40,-108.40,trend
W0168,ESZ4,Long,2.0,2022-01-20 09:45:00,2022-01-20 10:45:00,4382.50,4374.50,8.40,-808.40,trend
W0169,ESZ4,Short,2.0,2022-01-21 09:45:00,2022-01-21 14:45:00,4226.75,4222.50,8.40,416.60,trend
W0170,ESZ4,Short,2.0,2022-01-24 09:45:00,2022-01-24 14:45:00,5031.50,5031.75,8.40,-33.40,trend
W0171,ESZ4,Short,2.0,2022-01-25 09:45:00,2022-01-25 12:45:00,4234.25,4229.00,8.40,516.60,trend
W0172,ESZ4,Short,2.0,2022-01-26 09:45:00,2022-01-26 11:45:00,4367.75,4362.25,8.40,541.60,trend
W0173,ESZ4,Short,2.0,2022-01-27 09:45:00,2022-01-27 11:45:00,4416.75,4410.00,8.40,666.60,trend
W0174,ESZ4,Short,2.0,2022-01-28 09:45:00,2022-01-28 10:45:00,4502.00,4499.50,8.40,241.60,trend
W0175,ESZ4,Long,2.0,2022-01-31 09:45:00,2022-01-31 11:45:00,4523.25,4529.50,8.40,616.60,trend
W0176,ESZ4,Short,2.0,2022-02-01 09:45:00,2022-02-01 11:45:00,4261.00,4258.00,8.40,291.60,trend
W0177,ESZ4,Long,2.0,2022-02-02 09:45:00,2022-02-02 13:45:00,4271.75,4281.50,8.40,966.60,trend
W0178,ESZ4,Short,2.0,2022-02-03 09:45:00,2022-02-03 11:45:00,4551.00,4550.50,8.40,41.60,trend
W0179,ESZ4,Short,2.0,2022-02-04 09:45:00,2022-02-04 13:45:00,5068.00,5067.00,8.40,91.60,trend
W0180,ESZ4,Long,2.0,2022-02-07 09:45:00,2022-02-07 14:45:00,4593.00,4596.75,8.40,366.60,trend
W0181,ESZ4,Short,2.0,2022-02-08 09:45:00,2022-02-08 14:45:00,4847.25,4842.50,8.40,466.60,trend
W0182,ESZ4,Long,2.0,2022-02-09 09:45:00,2022-02-09 11:45:00,4420.50,4422.75,8.40,216.60,trend
W0183,ESZ4,Short,2.0,2022-02-10 09:45:00,2022-02-10 13:45:00,5073.25,5074.25,8.40,-108.40,trend
W0184,ESZ4,Short,2.0,2022-02-11 09:45:00,2022-02-11 10:45:00,4723.25,4722.75,8.40,41.60,trend
W0185,ESZ4,Short,2.0,2022-02-14 09:45:00,2022-02-14 13:45:00,4401.75,4396.25,8.40,541.60,trend
W0186,ESZ4,Long,2.0,2022-02-15 09:45:00,2022-02-15 13:45:00,4985.75,4987.00,8.40,116.60,trend
W0187,ESZ4,Long,2.0,2022-02-16 09:45:00,2022-02-16 11:45:00,4616.75,4612.25,8.40,-458.40,trend
W0188,ESZ4,Short,2.0,2022-02-17 09:45:00,2022-02-17 14:45:00,4392.75,4392.25,8.40,41.60,trend
W0189,ESZ4,Short,2.0,2022-02-18 09:45:00,2022-02-18 14:45:00,4379.00,4372.75,8.40,616.60,trend
W0190,ESZ4,Long,2.0,2022-02-21 09:45:00,2022-02-21 13:45:00,4293.75,4296.25,8.40,241.60,trend
W0191,ESZ4,Short,2.0,2022-02-22 09:45:00,2022-02-22 10:45:00,4462.00,4454.00,8.40,791.60,trend
W0192,ESZ4,Short,2.0,2022-02-23 09:45:00,2022-02-23 10:45:00,4900.75,4900.25,8.40,41.60,trend
W0193,ESZ4,Long,2.0,2022-02-24 09:45:00,2022-02-24 12:45:00,4411.00,4400.75,8.40,-1033.40,trend
W0194,ESZ4,Short,2.0,2022-02-25 09:45:00,2022-02-25 12:45:00,4967.25,4969.25,8.40,-208.40,trend
W0195,ESZ4,Long,2.0,2022-02-28 09:45:00,2022-02-28 13:45:00,4226.75,4232.25,8.40,541.60,trend
W0196,ESZ4,Long,2.0,2022-03-01 09:45:00,2022-03-01 10:45:00,4322.75,4321.50,8.40,-133.40,trend
W0197,ESZ4,Short,2.0,2022-03-02 09:45:00,2022-03-02 10:45:00,4262.50,4271.50,8.40,-908.40,trend
W0198,ESZ4,Short,2.0,2022-03-03 09:45:00,2022-03-03 12:45:00,4483.75,4482.75,8.40,91.60,trend
W0199,ESZ4,Long,2.0,2022-03-04 09:45:00,2022-03-04 10:45:00,5165.00,5159.25,8.40,-583.40,trend
W0200,ESZ4,Short,2.0,2022-03-07 09:45:00,2022-03-07 13:45:00,4337.00,4335.00,8.40,191.60,trend
W0201,ESZ4,Short,2.0,2022-03-08 09:45:00,2022-03-08 11:45:00,4788.50,4785.00,8.40,341.60,trend
W0202,ESZ4,Long,2.0,2022-03-09 09:45:00,2022-03-09 12:45:00,4410.25,4407.50,8.40,-283.40,trend
W0203,ESZ4,Short,2.0,2022-03-10 09:45:00,2022-03-10 13:45:00,5101.50,5093.50,8.40,791.60,trend
W0204,ESZ4,Long,2.0,2022-03-11 09:45:00,2022-03-11 14:45:00,4614.50,4607.50,8.40,-708.40,trend
W0205,ESZ4,Long,2.0,2022-03-14 09:45:00,2022-03-14 12:45:00,5123.50,5124.00,8.40,41.60,trend
W0206,ESZ4,Long,2.0,2022-03-15 09:45:00,2022-03-15 10:45:00,4207.00,4208.00,8.40,91.60,trend
W0207,ESZ4,Short,2.0,2022-03-16 09:45:00,2022-03-16 14:45:00,5064.00,5065.00,8.40,-108.40,trend
W0208,ESZ4,Short,2.0,2022-03-17 09:45:00,2022-03-17 14:45:00,4630.50,4625.75,8.40,466.60,trend
W0209,ESZ4,Long,2.0,2022-03-18 09:45:00,2022-03-18 10:45:00,4532.25,4532.75,8.40,41.60,trend
W0210,ESZ4,Short,2.0,2022-03-21 09:45:00,2022-03-21 11:45:00,4365.25,4361.50,8.40,366.60,trend
W0211,ESZ4,Short,2.0,2022-03-22 09:45:00,2022-03-22 14:45:00,5035.75,5035.25,8.40,41.60,trend
W0212,ESZ4,Long,2.0,2022-03-23 09:45:00,2022-03-23 11:45:00,4925.75,4922.25,8.40,-358.40,trend
W0213,ESZ4,Long,2.0,2022-03-24 09:45:00,2022-03-24 12:45:00,4301.50,4305.00,8.40,341.60,trend
W0214,ESZ4,Long,2.0,2022-03-25 09:45:00,2022-03-25 11:45:00,4583.50,4587.25,8.40,366.60,trend
W0215,ESZ4,Long,2.0,2022-03-28 09:45:00,2022-03-28 13:45:00,4771.00,4765.50,8.40,-558.40,trend
W0216,ESZ4,Long,2.0,2022-03-29 09:45:00,2022-03-29 13:45:00,4451.50,4449.00,8.40,-258.40,trend
W0217,ESZ4,Short,2.0,2022-03-30 09:45:00,2022-03-30 10:45:00,4233.75,4230.25,8.40,341.60,trend
W0218,ESZ4,Long,2.0,2022-03-31 09:45:00,2022-03-31 10:45:00,5184.50,5201.25,8.40,1666.60,trend
W0219,ESZ4,Short,2.0,2022-04-01 09:45:00,2022-04-01 12:45:00,4519.50,4516.25,8.40,316.60,trend
W0220,ESZ4,Long,2.0,2022-04-04 09:45:00,2022-04-04 13:45:00,4562.50,4565.50,8.40,291.60,trend
W0221,ESZ4,Long,2.0,2022-04-05 09:45:00,2022-04-05 13:45:00,4617.50,4614.75,8.40,-283.40,trend
W0222,ESZ4,Long,2.0,2022-04-06 09:45:00,2022-04-06 10:45:00,4897.25,4902.50,8.40,516.60,trend
W0223,ESZ4,Short,2.0,2022-04-07 09:45:00,2022-04-07 12:45:00,4815.25,4811.25,8.40,391.60,trend
W0224,ESZ4,Long,2.0,2022-04-08 09:45:00,2022-04-08 12:45:00,4771.50,4783.75,8.40,1216.60,trend
W0225,ESZ4,Short,2.0,2022-04-11 09:45:00,2022-04-11 12:45:00,4312.00,4319.50,8.40,-758.40,trend
W0226,ESZ4,Long,2.0,2022-04-12 09:45:00,2022-04-12 13:45:00,4681.50,4682.00,8.40,41.60,trend
W0227,ESZ4,Short,2.0,2022-04-13 09:45:00,2022-04-13 14:45:00,4783.50,4789.00,8.40,-558.40,trend
W0228,ESZ4,Long,2.0,2022-04-14 09:45:00,2022-04-14 10:45:00,4595.50,4593.00,8.40,-258.40,trend
W0229,ESZ4,Long,2.0,2022-04-15 09:45:00,2022-04-15 12:45:00,4881.50,4881.00,8.40,-58.40,trend
W0230,ESZ4,Short,2.0,2022-04-18 09:45:00,2022-04-18 10:45:00,4660.75,4675.75,8.40,-1508.40,trend
W0231,ESZ4,Long,2.0,2022-04-19 09:45:00,2022-04-19 12:45:00,4894.50,4901.00,8.40,641.60,trend
W0232,ESZ4,Short,2.0,2022-04-20 09:45:00,2022-04-20 12:45:00,4313.75,4310.75,8.40,291.60,trend
W0233,ESZ4,Long,2.0,2022-04-21 09:45:00,2022-04-21 11:45:00,5181.25,5173.25,8.40,-808.40,trend
W0234,ESZ4,Long,2.0,2022-04-22 09:45:00,2022-04-22 14:45:00,5129.00,5121.25,8.40,-783.40,trend
W0235,ESZ4,Short,2.0,2022-04-25 09:45:00,2022-04-25 13:45:00,5097.00,5100.50,8.40,-358.40,trend
W0236,ESZ4,Long,2.0,2022-04-26 09:45:00,2022-04-26 12:45:00,4392.75,4392.50,8.40,-33.40,trend
W0237,ESZ4,Long,2.0,2022-04-27 09:45:00,2022-04-27 12:45:00,4304.00,4295.50,8.40,-858.40,trend
W0238,ESZ4,Short,2.0,2022-04-28 09:45:00,2022-04-28 10:45:00,5116.50,5124.00,8.40,-758.40,trend
W0239,ESZ4,Long,2.0,2022-04-29 09:45:00,2022-04-29 13:45:00,5117.00,5125.75,8.40,866.60,trend
W0240,ESZ4,Short,2.0,2022-05-02 09:45:00,2022-05-02 11:45:00,4552.50,4557.25,8.40,-483.40,trend
W0241,ESZ4,Short,2.0,2022-05-03 09:45:00,2022-05-03 11:45:00,4347.25,4355.50,8.40,-833.40,trend
W0242,ESZ4,Short,2.0,2022-05-04 09:45:00,2022-05-04 14:45:00,4264.25,4262.50,8.40,166.60,trend
W0243,ESZ4,Short,2.0,2022-05-05 09:45:00,2022-05-05 13:45:00,4894.00,4890.25,8.40,366.60,trend
W0244,ESZ4,Short,2.0,2022-05-06 09:45:00,2022-05-06 10:45:00,5014.75,5014.25,8.40,41.60,trend
W0245,ESZ4,Long,2.0,2022-05-09 09:45:00,2022-05-09 10:45:00,4234.00,4231.25,8.40,-283.40,trend
W0246,ESZ4,Short,2.0,2022-05-10 09:45:00,2022-05-10 12:45:00,5026.75,5021.50,8.40,516.60,trend
W0247,ESZ4,Short,2.0,2022-05-11 09:45:00,2022-05-11 11:45:00,4425.75,4429.00,8.40,-333.40,trend
W0248,ESZ4,Long,2.0,2022-05-12 09:45:00,2022-05-12 12:45:00,4524.75,4522.00,8.40,-283.40,trend
W0249,ESZ4,Long,2.0,2022-05-13 09:45:00,2022-05-13 10:45:00,4959.25,4958.25,8.40,-108.40,trend
W0250,ESZ4,Long,2.0,2022-05-16 09:45:00,2022-05-16 11:45:00,4592.50,4593.75,8.40,116.60,trend
W0251,ESZ4,Short,2.0,2022-05-17 09:45:00,2022-05-17 13:45:00,4206.00,4197.75,8.40,816.60,trend
W0252,ESZ4,Short,2.0,2022-05-18 09:45:00,2022-05-18 12:45:00,4833.75,4826.50,8.40,716.60,trend
W0253,ESZ4,Short,2.0,2022-05-19 09:45:00,2022-05-19 14:45:00,5188.00,5185.25,8.40,266.60,trend
W0254,ESZ4,Short,2.0,2022-05-20 09:45:00,2022-05-20 13:45:00,5018.00,5021.75,8.40,-383.40,trend
W0255,ESZ4,Short,2.0,2022-05-23 09:45:00,2022-05-23 12:45:00,4868.25,4864.00,8.40,416.60,trend
W0256,ESZ4,Long,2.0,2022-05-24 09:45:00,2022-05-24 13:45:00,4726.00,4728.25,8.40,216.60,trend
W0257,ESZ4,Short,2.0,2022-05-25 09:45:00,2022-05-25 10:45:00,4291.75,4293.75,8.40,-208.40,trend
W0258,ESZ4,Long,2.0,2022-05-26 09:45:00,2022-05-26 14:45:00,5176.25,5180.75,8.40,441.60,trend
W0259,ESZ4,Long,2.0,2022-05-27 09:45:00,2022-05-27 11:45:00,4623.50,4623.00,8.40,-58.40,trend
W0260,ESZ4,Short,2.0,2022-05-30 09:45:00,2022-05-30 11:45:00,4807.00,4810.75,8.40,-383.40,trend
W0261,ESZ4,Short,2.0,2022-05-31 09:45:00,2022-05-31 10:45:00,4712.00,4712.25,8.40,-33.40,trend
W0262,ESZ4,Long,2.0,2022-06-01 09:45:00,2022-06-01 12:45:00,4234.25,4235.00,8.40,66.60,trend
W0263,ESZ4,Short,2.0,2022-06-02 09:45:00,2022-06-02 12:45:00,4381.00,4378.00,8.40,291.60,trend
W0264,ESZ4,Short,2.0,2022-06-03 09:45:00,2022-06-03 13:45:00,4226.50,4225.00,8.40,141.60,trend
W0265,ESZ4,Short,2.0,2022-06-06 09:45:00,2022-06-06 14:45:00,4694.75,4690.25,8.40,441.60,trend
W0266,ESZ4,Short,2.0,2022-06-07 09:45:00,2022-06-07 11:45:00,4816.25,4812.00,8.40,416.60,trend
W0267,ESZ4,Short,2.0,2022-06-08 09:45:00,2022-06-08 12:45:00,5168.75,5174.25,8.40,-558.40,trend
W0268,ESZ4,Short,2.0,2022-06-09 09:45:00,2022-06-09 12:45:00,4323.00,4318.75,8.40,416.60,trend
W0269,ESZ4,Long,2.0,2022-06-10 09:45:00,2022-06-10 10:45:00,4672.50,4676.25,8.40,366.60,trend
W0270,ESZ4,Long,2.0,2022-06-13 09:45:00,2022-06-13 13:45:00,4421.25,4416.00,8.40,-533.40,trend
W0271,ESZ4,Short,2.0,2022-06-14 09:45:00,2022-06-14 12:45:00,4995.00,4989.25,8.40,566.60,trend
W0272,ESZ4,Short,2.0,2022-06-15 09:45:00,2022-06-15 10:45:00,4935.75,4937.75,8.40,-208.40,trend
W0273,ESZ4,Long,2.0,2022-06-16 09:45:00,2022-06-16 11:45:00,4578.50,4573.25,8.40,-533.40,trend
W0274,ESZ4,Short,2.0,2022-06-17 09:45:00,2022-06-17 14:45:00,4567.00,4561.25,8.40,566.60,trend
W0275,ESZ4,Short,2.0,2022-06-20 09:45:00,2022-06-20 10:45:00,5031.00,5027.75,8.40,316.60,trend
W0276,ESZ4,Long,2.0,2022-06-21 09:45:00,2022-06-21 10:45:00,4898.75,4896.00,8.40,-283.40,trend
W0277,ESZ4,Long,2.0,2022-06-22 09:45:00,2022-06-22 12:45:00,4611.00,4600.25,8.40,-1083.40,trend
W0278,ESZ4,Short,2.0,2022-06-23 09:45:00,2022-06-23 11:45:00,4827.00,4835.50,8.40,-858.40,trend
W0279,ESZ4,Long,2.0,2022-06-24 09:45:00,2022-06-24 14:45:00,4473.75,4473.25,8.40,-58.40,trend
W0280,ESZ4,Short,2.0,2022-06-27 09:45:00,2022-06-27 13:45:00,4854.25,4852.50,8.40,166.60,trend
W0281,ESZ4,Long,2.0,2022-06-28 09:45:00,2022-06-28 11:45:00,4376.50,4380.50,8.40,391.60,trend
W0282,ESZ4,Long,2.0,2022-06-29 09:45:00,2022-06-29 12:45:00,5046.25,5049.50,8.40,316.60,trend
W0283,ESZ4,Long,2.0,2022-06-30 09:45:00,2022-06-30 11:45:00,4396.75,4406.50,8.40,966.60,trend
W0284,ESZ4,Short,2.0,2022-07-01 09:45:00,2022-07-01 11:45:00,4456.00,4455.00,8.40,91.60,trend
W0285,ESZ4,Long,2.0,2022-07-04 09:45:00,2022-07-04 12:45:00,5179.00,5186.50,8.40,741.60,trend
W0286,ESZ4,Long,2.0,2022-07-05 09:45:00,2022-07-05 10:45:00,4823.00,4821.75,8.40,-133.40,trend
W0287,ESZ4,Long,2.0,2022-07-06 09:45:00,2022-07-06 13:45:00,5105.25,5098.50,8.40,-683.40,trend
W0288,ESZ4,Long,2.0,2022-07-07 09:45:00,2022-07-07 13:45:00,4597.25,4602.50,8.40,516.60,trend
W0289,ESZ4,Short,2.0,2022-07-08 09:45:00,2022-07-08 12:45:00,4377.00,4379.50,8.40,-258.40,trend
W0290,ESZ4,Short,2.0,2022-07-11 09:45:00,2022-07-11 14:45:00,4767.00,4766.00,8.40,91.60,trend
W0291,ESZ4,Long,2.0,2022-07-12 09:45:00,2022-07-12 13:45:00,4835.25,4837.50,8.40,216.60,trend
W0292,ESZ4,Long,2.0,2022-07-13 09:45:00,2022-07-13 10:45:00,4505.50,4511.00,8.40,541.60,trend
W0293,ESZ4,Short,2.0,2022-07-14 09:45:00,2022-07-14 10:45:00,4797.25,4796.75,8.40,41.60,trend
W0294,ESZ4,Long,2.0,2022-07-15 09:45:00,2022-07-15 14:45:00,4826.75,4827.75,8.40,91.60,trend
W0295,ESZ4,Long,2.0,2022-07-18 09:45:00,2022-07-18 12:45:00,4996.50,4995.75,8.40,-83.40,trend
W0296,ESZ4,Long,2.0,2022-07-19 09:45:00,2022-07-19 11:45:00,4513.75,4517.50,8.40,366.60,trend
W0297,ESZ4,Long,2.0,2022-07-20 09:45:00,2022-07-20 12:45:00,4884.75,4887.50,8.40,266.60,trend
W0298,ESZ4,Long,2.0,2022-07-21 09:45:00,2022-07-21 10:45:00,4214.00,4207.50,8.40,-658.40,trend
W0299,ESZ4,Short,2.0,2022-07-22 09:45:00,2022-07-22 12:45:00,4844.50,4843.75,8.40,66.60,trend
W0300,ESZ4,Short,2.0,2022-07-25 09:45:00,2022-07-25 12:45:00,4269.00,4265.25,8.40,366.60,trend
W0301,ESZ4,Long,2.0,2022-07-26 09:45:00,2022-07-26 11:45:00,4238.00,4236.50,8.40,-158.40,trend
W0302,ESZ4,Short,2.0,2022-07-27 09:45:00,2022-07-27 14:45:00,5071.50,5078.25,8.40,-683.40,trend
W0303,ESZ4,Short,2.0,2022-07-28 09:45:00,2022-07-28 14:45:00,5069.50,5065.75,8.40,366.60,trend
W0304,ESZ4,Long,2.0,2022-07-29 09:45:00,2022-07-29 12:45:00,5048.00,5053.75,8.40,566.60,trend
W0305,ESZ4,Long,2.0,2022-08-01 09:45:00,2022-08-01 12:45:00,5162.50,5156.75,8.40,-583.40,trend
W0306,ESZ4,Short,2.0,2022-08-02 09:45:00,2022-08-02 14:45:00,4551.00,4553.25,8.40,-233.40,trend
W0307,ESZ4,Long,2.0,2022-08-03 09:45:00,2022-08-03 10:45:00,5083.00,5077.25,8.40,-583.40,trend
W0308,ESZ4,Short,2.0,2022-08-04 09:45:00,2022-08-04 10:45:00,4883.50,4885.75,8.40,-233.40,trend
W0309,ESZ4,Long,2.0,2022-08-05 09:45:00,2022-08-05 10:45:00,4382.00,4390.50,8.40,841.60,trend
W0310,ESZ4,Long,2.0,2022-08-08 09:45:00,2022-08-08 13:45:00,4559.00,4549.75,8.40,-933.40,trend
W0311,ESZ4,Long,2.0,2022-08-09 09:45:00,2022-08-09 11:45:00,4656.50,4657.25,8.40,66.60,trend
W0312,ESZ4,Short,2.0,2022-08-10 09:45:00,2022-08-10 12:45:00,4884.50,4885.75,8.40,-133.40,trend
W0313,ESZ4,Short,2.0,2022-08-11 09:45:00,2022-08-11 10:45:00,4259.00,4253.75,8.40,516.60,trend
W0314,ESZ4,Long,2.0,2022-08-12 09:45:00,2022-08-12 10:45:00,4957.25,4954.25,8.40,-308.40,trend
W0315,ESZ4,Short,2.0,2022-08-15 09:45:00,2022-08-15 11:45:00,4486.75,4487.00,8.40,-33.40,trend
W0316,ESZ4,Long,2.0,2022-08-16 09:45:00,2022-08-16 12:45:00,4473.25,4476.00,8.40,266.60,trend
W0317,ESZ4,Long,2.0,2022-08-17 09:45:00,2022-08-17 10:45:00,4334.75,4342.00,8.40,716.60,trend
W0318,ESZ4,Short,2.0,2022-08-18 09:45:00,2022-08-18 14:45:00,5100.00,5100.00,8.40,-8.40,trend
W0319,ESZ4,Long,2.0,2022-08-19 09:45:00,2022-08-19 14:45:00,4381.75,4381.00,8.40,-83.40,trend
W0320,ESZ4,Short,2.0,2022-08-22 09:45:00,2022-08-22 13:45:00,5045.50,5041.75,8.40,366.60,trend
W0321,ESZ4,Long,2.0,2022-08-23 09:45:00,2022-08-23 12:45:00,4508.00,4511.75,8.40,366.60,trend
W0322,ESZ4,Long,2.0,2022-08-24 09:45:00,2022-08-24 13:45:00,4200.25,4191.50,8.40,-883.40,trend
W0323,ESZ4,Short,2.0,2022-08-25 09:45:00,2022-08-25 13:45:00,5081.00,5084.25,8.40,-333.40,trend
W0324,ESZ4,Short,2.0,2022-08-26 09:45:00,2022-08-26 14:45:00,4900.50,4905.00,8.40,-458.40,trend
W0325,ESZ4,Long,2.0,2022-08-29 09:45:00,2022-08-29 11:45:00,4520.00,4514.00,8.40,-608.40,trend
W0326,ESZ4,Long,2.0,2022-08-30 09:45:00,2022-08-30 14:45:00,5080.25,5079.50,8.40,-83.40,trend
W0327,ESZ4,Long,2.0,2022-08-31 09:45:00,2022-08-31 10:45:00,4651.00,4646.00,8.40,-508.40,trend
W0328,ESZ4,Short,2.0,2022-09-01 09:45:00,2022-09-01 10:45:00,4657.75,4655.50,8.40,216.60,trend
W0329,ESZ4,Long,2.0,2022-09-02 09:45:00,2022-09-02 13:45:00,4407.25,4411.75,8.40,441.60,trend
W0330,ESZ4,Long,2.0,2022-09-05 09:45:00,2022-09-05 10:45:00,4842.50,4840.25,8.40,-233.40,trend
W0331,ESZ4,Long,2.0,2022-09-06 09:45:00,2022-09-06 11:45:00,5170.25,5177.50,8.40,716.60,trend
W0332,ESZ4,Short,2.0,2022-09-07 09:45:00,2022-09-07 11:45:00,5168.75,5166.25,8.40,241.60,trend
W0333,ESZ4,Long,2.0,2022-09-08 09:45:00,2022-09-08 11:45:00,4416.50,4411.50,8.40,-508.40,trend
W0334,ESZ4,Short,2.0,2022-09-09 09:45:00,2022-09-09 13:45:00,4591.75,4587.25,8.40,441.60,trend
W0335,ESZ4,Long,2.0,2022-09-12 09:45:00,2022-09-12 11:45:00,4801.00,4802.00,8.40,91.60,trend
W0336,ESZ4,Short,2.0,2022-09-13 09:45:00,2022-09-13 11:45:00,4878.25,4876.50,8.40,166.60,trend
W0337,ESZ4,Long,2.0,2022-09-14 09:45:00,2022-09-14 10:45:00,5158.75,5163.00,8.40,416.60,trend
W0338,ESZ4,Long,2.0,2022-09-15 09:45:00,2022-09-15 13:45:00,4870.50,4871.00,8.40,41.60,trend
W0339,ESZ4,Long,2.0,2022-09-16 09:45:00,2022-09-16 10:45:00,4279.75,4283.50,8.40,366.60,trend
W0340,ESZ4,Short,2.0,2022-09-19 09:45:00,2022-09-19 14:45:00,4270.00,4270.25,8.40,-33.40,trend
W0341,ESZ4,Long,2.0,2022-09-20 09:45:00,2022-09-20 10:45:00,4833.75,4835.25,8.40,141.60,trend
W0342,ESZ4,Long,2.0,2022-09-21 09:45:00,2022-09-21 14:45:00,4588.75,4587.25,8.40,-158.40,trend
W0343,ESZ4,Long,2.0,2022-09-22 09:45:00,2022-09-22 12:45:00,4830.50,4824.25,8.40,-633.40,trend
W0344,ESZ4,Short,2.0,2022-09-23 09:45:00,2022-09-23 14:45:00,4882.75,4887.50,8.40,-483.40,trend
W0345,ESZ4,Long,2.0,2022-09-26 09:45:00,2022-09-26 14:45:00,5185.50,5188.00,8.40,241.60,trend
W0346,ESZ4,Long,2.0,2022-09-27 09:45:00,2022-09-27 12:45:00,4771.25,4766.25,8.40,-508.40,trend
W0347,ESZ4,Short,2.0,2022-09-28 09:45:00,2022-09-28 12:45:00,4877.50,4880.75,8.40,-333.40,trend
W0348,ESZ4,Short,2.0,2022-09-29 09:45:00,2022-09-29 12:45:00,5107.75,5104.75,8.40,291.60,trend
W0349,ESZ4,Long,2.0,2022-09-30 09:45:00,2022-09-30 11:45:00,4486.00,4488.50,8.40,241.60,trend
W0350,ESZ4,Short,2.0,2022-10-03 09:45:00,2022-10-03 13:45:00,5133.25,5127.75,8.40,541.60,trend
W0351,ESZ4,Short,2.0,2022-10-04 09:45:00,2022-10-04 10:45:00,5080.75,5077.50,8.40,316.60,trend
W0352,ESZ4,Short,2.0,2022-10-05 09:45:00,2022-10-05 10:45:00,4307.25,4312.00,8.40,-483.40,trend
W0353,ESZ4,Short,2.0,2022-10-06 09:45:00,2022-10-06 14:45:00,4890.50,4889.75,8.40,66.60,trend
W0354,ESZ4,Short,2.0,2022-10-07 09:45:00,2022-10-07 13:45:00,4508.00,4513.75,8.40,-583.40,trend
W0355,ESZ4,Short,2.0,2022-10-10 09:45:00,2022-10-10 14:45:00,4825.50,4811.50,8.40,1391.60,trend
W0356,ESZ4,Short,2.0,2022-10-11 09:45:00,2022-10-11 11:45:00,5081.75,5088.50,8.40,-683.40,trend
W0357,ESZ4,Long,2.0,2022-10-12 09:45:00,2022-10-12 12:45:00,4410.75,4415.25,8.40,441.60,trend
W0358,ESZ4,Short,2.0,2022-10-13 09:45:00,2022-10-13 11:45:00,4974.00,4969.50,8.40,441.60,trend
W0359,ESZ4,Long,2.0,2022-10-14 09:45:00,2022-10-14 14:45:00,4427.50,4429.25,8.40,166.60,trend
W0360,ESZ4,Short,2.0,2022-10-17 09:45:00,2022-10-17 12:45:00,5027.00,5025.25,8.40,166.60,trend
W0361,ESZ4,Long,2.0,2022-10-18 09:45:00,2022-10-18 11:45:00,4782.00,4785.00,8.40,291.60,trend
W0362,ESZ4,Short,2.0,2022-10-19 09:45:00,2022-10-19 12:45:00,5125.75,5126.00,8.40,-33.40,trend
W0363,ESZ4,Short,2.0,2022-10-20 09:45:00,2022-10-20 11:45:00,5163.75,5174.00,8.40,-1033.40,trend
W0364,ESZ4,Short,2.0,2022-10-21 09:45:00,2022-10-21 11:45:00,4661.00,4659.50,8.40,141.60,trend
W0365,ESZ4,Short,2.0,2022-10-24 09:45:00,2022-10-24 12:45:00,4773.75,4773.50,8.40,16.60,trend
W0366,ESZ4,Short,2.0,2022-10-25 09:45:00,2022-10-25 12:45:00,5171.75,5160.00,8.40,1166.60,trend
W0367,ESZ4,Short,2.0,2022-10-26 09:45:00,2022-10-26 12:45:00,4390.75,4385.50,8.40,516.60,trend
W0368,ESZ4,Short,2.0,2022-10-27 09:45:00,2022-10-27 10:45:00,4608.00,4603.50,8.40,441.60,trend
W0369,ESZ4,Short,2.0,2022-10-28 09:45:00,2022-10-28 12:45:00,5197.25,5191.50,8.40,566.60,trend
W0370,ESZ4,Short,2.0,2022-10-31 09:45:00,2022-10-31 14:45:00,4720.25,4710.50,8.40,966.60,trend
W0371,ESZ4,Short,2.0,2022-11-01 09:45:00,2022-11-01 14:45:00,4784.25,4789.25,8.40,-508.40,trend
W0372,ESZ4,Short,2.0,2022-11-02 09:45:00,2022-11-02 12:45:00,5141.50,5133.75,8.40,766.60,trend
W0373,ESZ4,Short,2.0,2022-11-03 09:45:00,2022-11-03 14:45:00,4507.00,4503.00,8.40,391.60,trend
W0374,ESZ4,Short,2.0,2022-11-04 09:45:00,2022-11-04 12:45:00,4948.75,4941.25,8.40,741.60,trend
W0375,ESZ4,Long,2.0,2022-11-07 09:45:00,2022-11-07 14:45:00,5187.25,5186.25,8.40,-108.40,trend
W0376,ESZ4,Long,2.0,2022-11-08 09:45:00,2022-11-08 10:45:00,4738.25,4734.75,8.40,-358.40,trend
W0377,ESZ4,Short,2.0,2022-11-09 09:45:00,2022-11-09 13:45:00,4356.50,4359.25,8.40,-283.40,trend
W0378,ESZ4,Short,2.0,2022-11-10 09:45:00,2022-11-10 11:45:00,4331.25,4332.75,8.40,-158.40,trend
W0379,ESZ4,Short,2.0,2022-11-11 09:45:00,2022-11-11 14:45:00,4819.00,4826.25,8.40,-733.40,trend
W0380,ESZ4,Short,2.0,2022-11-14 09:45:00,2022-11-14 10:45:00,4736.00,4734.00,8.40,191.60,trend
W0381,ESZ4,Long,2.0,2022-11-15 09:45:00,2022-11-15 10:45:00,4597.00,4604.00,8.40,691.60,trend
W0382,ESZ4,Long,2.0,2022-11-16 09:45:00,2022-11-16 10:45:00,4423.25,4421.75,8.40,-158.40,trend
W0383,ESZ4,Short,2.0,2022-11-17 09:45:00,2022-11-17 13:45:00,5155.50,5154.75,8.40,66.60,trend
W0384,ESZ4,Long,2.0,2022-11-18 09:45:00,2022-11-18 14:45:00,5148.00,5147.50,8.40,-58.40,trend
W0385,ESZ4,Long,2.0,2022-11-21 09:45:00,2022-11-21 11:45:00,4208.50,4209.25,8.40,66.60,trend
W0386,ESZ4,Long,2.0,2022-11-22 09:45:00,2022-11-22 13:45:00,4914.50,4916.50,8.40,191.60,trend
W0387,ESZ4,Short,2.0,2022-11-23 09:45:00,2022-11-23 10:45:00,4728.25,4722.25,8.40,591.60,trend
W0388,ESZ4,Short,2.0,2022-11-24 09:45:00,2022-11-24 12:45:00,4631.25,4636.00,8.40,-483.40,trend
W0389,ESZ4,Short,2.0,2022-11-25 09:45:00,2022-11-25 10:45:00,5006.25,5003.00,8.40,316.60,trend
W0390,ESZ4,Short,2.0,2022-11-28 09:45:00,2022-11-28 11:45:00,5109.25,5108.50,8.40,66.60,trend
W0391,ESZ4,Long,2.0,2022-11-29 09:45:00,2022-11-29 12:45:00,4231.00,4231.50,8.40,41.60,trend
W0392,ESZ4,Long,2.0,2022-11-30 09:45:00,2022-11-30 11:45:00,4213.25,4210.75,8.40,-258.40,trend
W0393,ESZ4,Short,2.0,2022-12-01 09:45:00,2022-12-01 11:45:00,5090.00,5086.50,8.40,341.60,trend
W0394,ESZ4,Short,2.0,2022-12-02 09:45:00,2022-12-02 10:45:00,4405.00,4405.25,8.40,-33.40,trend
W0395,ESZ4,Long,2.0,2022-12-05 09:45:00,2022-12-05 14:45:00,4929.00,4925.75,8.40,-333.40,trend
W0396,ESZ4,Short,2.0,2022-12-06 09:45:00,2022-12-06 10:45:00,4636.75,4638.50,8.40,-183.40,trend
W0397,ESZ4,Long,2.0,2022-12-07 09:45:00,2022-12-07 13:45:00,5157.25,5142.50,8.40,-1483.40,trend
W0398,ESZ4,Long,2.0,2022-12-08 09:45:00,2022-12-08 12:45:00,4723.50,4722.00,8.40,-158.40,trend
W0399,ESZ4,Short,2.0,2022-12-09 09:45:00,2022-12-09 10:45:00,4246.50,4236.75,8.40,966.60,trend
W0400,ESZ4,Short,2.0,2022-12-12 09:45:00,2022-12-12 11:45:00,4350.50,4351.50,8.40,-108.40,trend
W0401,ESZ4,Short,2.0,2022-12-13 09:45:00,2022-12-13 12:45:00,4984.75,4982.00,8.40,266.60,trend
W0402,ESZ4,Long,2.0,2022-12-14 09:45:00,2022-12-14 11:45:00,4361.50,4364.25,8.40,266.60,trend
W0403,ESZ4,Long,2.0,2022-12-15 09:45:00,2022-12-15 12:45:00,4462.25,4466.00,8.40,366.60,trend
W0404,ESZ4,Short,2.0,2022-12-16 09:45:00,2022-12-16 14:45:00,4688.75,4691.25,8.40,-258.40,trend
W0405,ESZ4,Long,2.0,2022-12-19 09:45:00,2022-12-19 10:45:00,4279.00,4287.00,8.40,791.60,trend
W0406,ESZ4,Long,2.0,2022-12-20 09:45:00,2022-12-20 10:45:00,5098.75,5102.00,8.40,316.60,trend
W0407,ESZ4,Long,2.0,2022-12-21 09:45:00,2022-12-21 12:45:00,4320.50,4330.00,8.40,941.60,trend
W0408,ESZ4,Long,2.0,2022-12-22 09:45:00,2022-12-22 14:45:00,4654.50,4660.50,8.40,591.60,trend
W0409,ESZ4,Short,2.0,2022-12-23 09:45:00,2022-12-23 10:45:00,4929.75,4930.00,8.40,-33.40,trend
W0410,ESZ4,Long,2.0,2022-12-26 09:45:00,2022-12-26 14:45:00,5024.50,5033.75,8.40,916.60,trend
W0411,ESZ4,Short,2.0,2022-12-27 09:45:00,2022-12-27 14:45:00,4246.75,4244.00,8.40,266.60,trend
W0412,ESZ4,Short,2.0,2022-12-28 09:45:00,2022-12-28 14:45:00,5101.00,5101.25,8.40,-33.40,trend
W0413,ESZ4,Short,2.0,2022-12-29 09:45:00,2022-12-29 10:45:00,4517.00,4518.50,8.40,-158.40,trend
W0414,ESZ4,Short,2.0,2022-12-30 09:45:00,2022-12-30 12:45:00,5014.75,5016.00,8.40,-133.40,trend
W0415,ESZ4,Short,2.0,2023-01-02 09:45:00,2023-01-02 11:45:00,4268.00,4263.00,8.40,491.60,trend
W0416,ESZ4,Short,2.0,2023-01-03 09:45:00,2023-01-03 10:45:00,4792.75,4789.00,8.40,366.60,trend
W0417,ESZ4,Long,2.0,2023-01-04 09:45:00,2023-01-04 13:45:00,4843.00,4842.25,8.40,-83.40,trend
W0418,ESZ4,Long,2.0,2023-01-05 09:45:00,2023-01-05 10:45:00,5156.00,5149.50,8.40,-658.40,trend
W0419,ESZ4,Long,2.0,2023-01-06 09:45:00,2023-01-06 11:45:00,4223.75,4224.75,8.40,91.60,trend
W0420,ESZ4,Long,2.0,2023-01-09 09:45:00,2023-01-09 14:45:00,4859.00,4858.00,8.40,-108.40,trend
W0421,ESZ4,Short,2.0,2023-01-10 09:45:00,2023-01-10 13:45:00,4827.25,4824.25,8.40,291.60,trend
W0422,ESZ4,Long,2.0,2023-01-11 09:45:00,2023-01-11 10:45:00,4668.50,4666.00,8.40,-258.40,trend
W0423,ESZ4,Long,2.0,2023-01-12 09:45:00,2023-01-12 10:45:00,5022.25,5024.25,8.40,191.60,trend
W0424,ESZ4,Long,2.0,2023-01-13 09:45:00,2023-01-13 11:45:00,5102.00,5103.25,8.40,116.60,trend
W0425,ESZ4,Short,2.0,2023-01-16 09:45:00,2023-01-16 12:45:00,4803.50,4806.75,8.40,-333.40,trend
W0426,ESZ4,Long,2.0,2023-01-17 09:45:00,2023-01-17 12:45:00,4766.25,4764.25,8.40,-208.40,trend
W0427,ESZ4,Long,2.0,2023-01-18 09:45:00,2023-01-18 14:45:00,5034.50,5025.75,8.40,-883.40,trend
W0428,ESZ4,Long,2.0,2023-01-19 09:45:00,2023-01-19 10:45:00,4201.25,4206.75,8.40,541.60,trend
W0429,ESZ4,Short,2.0,2023-01-20 09:45:00,2023-01-20 12:45:00,4281.25,4287.00,8.40,-583.40,trend
W0430,ESZ4,Long,2.0,2023-01-23 09:45:00,2023-01-23 13:45:00,5083.75,5082.25,8.40,-158.40,trend
W0431,ESZ4,Long,2.0,2023-01-24 09:45:00,2023-01-24 10:45:00,4517.00,4513.75,8.40,-333.40,trend
W0432,ESZ4,Long,2.0,2023-01-25 09:45:00,2023-01-25 10:45:00,4702.00,4708.00,8.40,591.60,trend
W0433,ESZ4,Long,2.0,2023-01-26 09:45:00,2023-01-26 11:45:00,4586.75,4583.75,8.40,-308.40,trend
W0434,ESZ4,Long,2.0,2023-01-27 09:45:00,2023-01-27 10:45:00,4840.25,4844.75,8.40,441.60,trend
W0435,ESZ4,Short,2.0,2023-01-30 09:45:00,2023-01-30 13:45:00,4331.75,4333.00,8.40,-133.40,trend
W0436,ESZ4,Long,2.0,2023-01-31 09:45:00,2023-01-31 13:45:00,4309.75,4308.25,8.40,-158.40,trend
W0437,ESZ4,Long,2.0,2023-02-01 09:45:00,2023-02-01 10:45:00,4509.00,4513.00,8.40,391.60,trend
W0438,ESZ4,Long,2.0,2023-02-02 09:45:00,2023-02-02 11:45:00,5076.75,5080.25,8.40,341.60,trend
W0439,ESZ4,Long,2.0,2023-02-03 09:45:00,2023-02-03 13:45:00,4410.75,4410.75,8.40,-8.40,trend
W0440,ESZ4,Short,2.0,2023-02-06 09:45:00,2023-02-06 13:45:00,4378.00,4378.75,8.40,-83.40,trend
W0441,ESZ4,Short,2.0,2023-02-07 09:45:00,2023-02-07 12:45:00,4431.50,4439.25,8.40,-783.40,trend
W0442,ESZ4,Short,2.0,2023-02-08 09:45:00,2023-02-08 13:45:00,4930.50,4928.75,8.40,166.60,trend
W0443,ESZ4,Short,2.0,2023-02-09 09:45:00,2023-02-09 13:45:00,4786.50,4779.25,8.40,716.60,trend
W0444,ESZ4,Long,2.0,2023-02-10 09:45:00,2023-02-10 13:45:00,5151.00,5153.25,8.40,216.60,trend
W0445,ESZ4,Long,2.0,2023-02-13 09:45:00,2023-02-13 12:45:00,4348.50,4356.25,8.40,766.60,trend
W0446,ESZ4,Long,2.0,2023-02-14 09:45:00,2023-02-14 14:45:00,4286.50,4290.25,8.40,366.60,trend
W0447,ESZ4,Long,2.0,2023-02-15 09:45:00,2023-02-15 12:45:00,4917.75,4915.50,8.40,-233.40,trend
W0448,ESZ4,Short,2.0,2023-02-16 09:45:00,2023-02-16 10:45:00,4414.25,4414.50,8.40,-33.40,trend
W0449,ESZ4,Short,2.0,2023-02-17 09:45:00,2023-02-17 13:45:00,4775.00,4768.75,8.40,616.60,trend
W0450,ESZ4,Short,2.0,2023-02-20 09:45:00,2023-02-20 11:45:00,4299.50,4297.75,8.40,166.60,trend
W0451,ESZ4,Long,2.0,2023-02-21 09:45:00,2023-02-21 11:45:00,4216.50,4213.75,8.40,-283.40,trend
W0452,ESZ4,Short,2.0,2023-02-22 09:45:00,2023-02-22 12:45:00,4532.50,4537.75,8.40,-533.40,trend
W0453,ESZ4,Short,2.0,2023-02-23 09:45:00,2023-02-23 11:45:00,4595.25,4595.50,8.40,-33.40,trend
W0454,ESZ4,Short,2.0,2023-02-24 09:45:00,2023-02-24 11:45:00,4920.00,4918.25,8.40,166.60,trend
W0455,ESZ4,Long,2.0,2023-02-27 09:45:00,2023-02-27 10:45:00,4714.00,4707.50,8.40,-658.40,trend
W0456,ESZ4,Long,2.0,2023-02-28 09:45:00,2023-02-28 14:45:00,5197.50,5198.75,8.40,116.60,trend
W0457,ESZ4,Long,2.0,2023-03-01 09:45:00,2023-03-01 14:45:00,4731.75,4724.75,8.40,-708.40,trend
W0458,ESZ4,Long,2.0,2023-03-02 09:45:00,2023-03-02 12:45:00,4549.00,4543.75,8.40,-533.40,trend
W0459,ESZ4,Short,2.0,2023-03-03 09:45:00,2023-03-03 14:45:00,4823.25,4824.50,8.40,-133.40,trend
W0460,ESZ4,Short,2.0,2023-03-06 09:45:00,2023-03-06 10:45:00,4704.75,4706.00,8.40,-133.40,trend
W0461,ESZ4,Long,2.0,2023-03-07 09:45:00,2023-03-07 13:45:00,4898.50,4891.75,8.40,-683.40,trend
W0462,ESZ4,Short,2.0,2023-03-08 09:45:00,2023-03-08 13:45:00,4732.00,4721.00,8.40,1091.60,trend
W0463,ESZ4,Long,2.0,2023-03-09 09:45:00,2023-03-09 11:45:00,4699.25,4711.50,8.40,1216.60,trend
W0464,ESZ4,Long,2.0,2023-03-10 09:45:00,2023-03-10 12:45:00,4356.50,4354.25,8.40,-233.40,trend
W0465,ESZ4,Short,2.0,2023-03-13 09:45:00,2023-03-13 10:45:00,4578.50,4571.25,8.40,716.60,trend
W0466,ESZ4,Long,2.0,2023-03-14 09:45:00,2023-03-14 14:45:00,4363.75,4365.75,8.40,191.60,trend
W0467,ESZ4,Long,2.0,2023-03-15 09:45:00,2023-03-15 11:45:00,4214.75,4212.00,8.40,-283.40,trend
W0468,ESZ4,Short,2.0,2023-03-16 09:45:00,2023-03-16 11:45:00,4687.75,4684.75,8.40,291.60,trend
W0469,ESZ4,Short,2.0,2023-03-17 09:45:00,2023-03-17 14:45:00,5171.25,5163.25,8.40,791.60,trend
W0470,ESZ4,Long,2.0,2023-03-20 09:45:00,2023-03-20 13:45:00,4819.25,4811.25,8.40,-808.40,trend
W0471,ESZ4,Short,2.0,2023-03-21 09:45:00,2023-03-21 11:45:00,5189.00,5191.75,8.40,-283.40,trend
W0472,ESZ4,Short,2.0,2023-03-22 09:45:00,2023-03-22 13:45:00,4387.75,4383.00,8.40,466.60,trend
W0473,ESZ4,Long,2.0,2023-03-23 09:45:00,2023-03-23 13:45:00,5156.00,5151.25,8.40,-483.40,trend
W0474,ESZ4,Short,2.0,2023-03-24 09:45:00,2023-03-24 11:45:00,4261.75,4265.00,8.40,-333.40,trend
W0475,ESZ4,Short,2.0,2023-03-27 09:45:00,2023-03-27 10:45:00,4290.25,4289.00,8.40,116.60,trend
W0476,ESZ4,Long,2.0,2023-03-28 09:45:00,2023-03-28 12:45:00,4617.00,4608.75,8.40,-833.40,trend
W0477,ESZ4,Long,2.0,2023-03-29 09:45:00,2023-03-29 14:45:00,4487.75,4491.25,8.40,341.60,trend
W0478,ESZ4,Long,2.0,2023-03-30 09:45:00,2023-03-30 13:45:00,4301.75,4304.00,8.40,216.60,trend
W0479,ESZ4,Long,2.0,2023-03-31 09:45:00,2023-03-31 14:45:00,4413.25,4404.75,8.40,-858.40,trend
W0480,ESZ4,Short,2.0,2023-04-03 09:45:00,2023-04-03 12:45:00,4299.00,4298.50,8.40,41.60,trend
W0481,ESZ4,Short,2.0,2023-04-04 09:45:00,2023-04-04 10:45:00,4256.50,4246.00,8.40,1041.60,trend
W0482,ESZ4,Short,2.0,2023-04-05 09:45:00,2023-04-05 14:45:00,4970.50,4971.50,8.40,-108.40,trend
W0483,ESZ4,Short,2.0,2023-04-06 09:45:00,2023-04-06 10:45:00,4669.00,4663.00,8.40,591.60,trend
W0484,ESZ4,Long,2.0,2023-04-07 09:45:00,2023-04-07 14:45:00,5083.00,5081.75,8.40,-133.40,trend
W0485,ESZ4,Short,2.0,2023-04-10 09:45:00,2023-04-10 14:45:00,4422.75,4426.25,8.40,-358.40,trend
W0486,ESZ4,Short,2.0,2023-04-11 09:45:00,2023-04-11 14:45:00,5123.75,5124.00,8.40,-33.40,trend
W0487,ESZ4,Short,2.0,2023-04-12 09:45:00,2023-04-12 10:45:00,4679.50,4685.25,8.40,-583.40,trend
W0488,ESZ4,Long,2.0,2023-04-13 09:45:00,2023-04-13 13:45:00,4534.75,4532.25,8.40,-258.40,trend
W0489,ESZ4,Long,2.0,2023-04-14 09:45:00,2023-04-14 13:45:00,4725.00,4718.25,8.40,-683.40,trend
W0490,ESZ4,Short,2.0,2023-04-17 09:45:00,2023-04-17 11:45:00,4375.75,4374.75,8.40,91.60,trend
W0491,ESZ4,Long,2.0,2023-04-18 09:45:00,2023-04-18 12:45:00,4999.25,5010.25,8.40,1091.60,trend
W0492,ESZ4,Short,2.0,2023-04-19 09:45:00,2023-04-19 12:45:00,4991.50,4996.25,8.40,-483.40,trend
W0493,ESZ4,Short,2.0,2023-04-20 09:45:00,2023-04-20 10:45:00,4228.75,4221.75,8.40,691.60,trend
W0494,ESZ4,Short,2.0,2023-04-21 09:45:00,2023-04-21 11:45:00,4496.75,4490.25,8.40,641.60,trend
W0495,ESZ4,Long,2.0,2023-04-24 09:45:00,2023-04-24 14:45:00,4827.50,4834.50,8.40,691.60,trend
W0496,ESZ4,Long,2.0,2023-04-25 09:45:00,2023-04-25 14:45:00,4878.75,4881.50,8.40,266.60,trend
W0497,ESZ4,Short,2.0,2023-04-26 09:45:00,2023-04-26 14:45:00,4318.50,4313.75,8.40,466.60,trend
W0498,ESZ4,Short,2.0,2023-04-27 09:45:00,2023-04-27 14:45:00,5084.00,5076.00,8.40,791.60,trend
W0499,ESZ4,Long,2.0,2023-04-28 09:45:00,2023-04-28 13:45:00,4890.25,4884.75,8.40,-558.40,trend
W0500,ESZ4,Long,2.0,2023-05-01 09:45:00,2023-05-01 14:45:00,4517.75,4531.00,8.40,1316.60,trend
W0501,ESZ4,Long,2.0,2023-05-02 09:45:00,2023-05-02 14:45:00,5187.50,5191.50,8.40,391.60,trend
W0502,ESZ4,Long,2.0,2023-05-03 09:45:00,2023-05-03 12:45:00,4456.75,4460.25,8.40,341.60,trend
W0503,ESZ4,Long,2.0,2023-05-04 09:45:00,2023-05-04 10:45:00,5139.25,5151.75,8.40,1241.60,trend
W0504,ESZ4,Short,2.0,2023-05-05 09:45:00,2023-05-05 12:45:00,4933.25,4930.75,8.40,241.60,trend
W0505,ESZ4,Long,2.0,2023-05-08 09:45:00,2023-05-08 12:45:00,4692.50,4683.50,8.40,-908.40,trend
W0506,ESZ4,Short,2.0,2023-05-09 09:45:00,2023-05-09 11:45:00,5068.25,5064.25,8.40,391.60,trend
W0507,ESZ4,Short,2.0,2023-05-10 09:45:00,2023-05-10 10:45:00,4341.75,4340.50,8.40,116.60,trend
W0508,ESZ4,Long,2.0,2023-05-11 09:45:00,2023-05-11 10:45:00,4331.75,4340.25,8.40,841.60,trend
W0509,ESZ4,Long,2.0,2023-05-12 09:45:00,2023-05-12 10:45:00,4312.25,4313.25,8.40,91.60,trend
W0510,ESZ4,Short,2.0,2023-05-15 09:45:00,2023-05-15 13:45:00,5084.00,5075.25,8.40,866.60,trend
W0511,ESZ4,Short,2.0,2023-05-16 09:45:00,2023-05-16 12:45:00,4525.00,4525.25,8.40,-33.40,trend
W0512,ESZ4,Long,2.0,2023-05-17 09:45:00,2023-05-17 14:45:00,4798.00,4796.50,8.40,-158.40,trend
W0513,ESZ4,Short,2.0,2023-05-18 09:45:00,2023-05-18 14:45:00,5014.25,5018.25,8.40,-408.40,trend
W0514,ESZ4,Long,2.0,2023-05-19 09:45:00,2023-05-19 14:45:00,4289.25,4294.25,8.40,491.60,trend
W0515,ESZ4,Long,2.0,2023-05-22 09:45:00,2023-05-22 10:45:00,4982.25,4983.50,8.40,116.60,trend
W0516,ESZ4,Short,2.0,2023-05-23 09:45:00,2023-05-23 10:45:00,4409.75,4404.50,8.40,516.60,trend
W0517,ESZ4,Short,2.0,2023-05-24 09:45:00,2023-05-24 12:45:00,5166.00,5172.50,8.40,-658.40,trend
W0518,ESZ4,Long,2.0,2023-05-25 09:45:00,2023-05-25 11:45:00,4678.50,4674.50,8.40,-408.40,trend
W0519,ESZ4,Long,2.0,2023-05-26 09:45:00,2023-05-26 13:45:00,4914.00,4919.75,8.40,566.60,trend
W0520,ESZ4,Short,2.0,2023-05-29 09:45:00,2023-05-29 12:45:00,5068.75,5058.25,8.40,1041.60,trend
W0521,ESZ4,Long,2.0,2023-05-30 09:45:00,2023-05-30 10:45:00,4637.25,4633.75,8.40,-358.40,trend
W0522,ESZ4,Long,2.0,2023-05-31 09:45:00,2023-05-31 13:45:00,4244.75,4248.00,8.40,316.60,trend
W0523,ESZ4,Long,2.0,2023-06-01 09:45:00,2023-06-01 11:45:00,4509.00,4508.75,8.40,-33.40,trend
W0524,ESZ4,Long,2.0,2023-06-02 09:45:00,2023-06-02 12:45:00,5189.50,5190.25,8.40,66.60,trend
W0525,ESZ4,Short,2.0,2023-06-05 09:45:00,2023-06-05 13:45:00,4664.00,4667.75,8.40,-383.40,trend
W0526,ESZ4,Long,2.0,2023-06-06 09:45:00,2023-06-06 14:45:00,4311.00,4310.50,8.40,-58.40,trend
W0527,ESZ4,Long,2.0,2023-06-07 09:45:00,2023-06-07 10:45:00,5166.50,5167.50,8.40,91.60,trend
W0528,ESZ4,Long,2.0,2023-06-08 09:45:00,2023-06-08 12:45:00,4475.00,4484.75,8.40,966.60,trend
W0529,ESZ4,Short,2.0,2023-06-09 09:45:00,2023-06-09 14:45:00,4475.50,4472.50,8.40,291.60,trend
W0530,ESZ4,Long,2.0,2023-06-12 09:45:00,2023-06-12 13:45:00,4458.75,4458.25,8.40,-58.40,trend
W0531,ESZ4,Short,2.0,2023-06-13 09:45:00,2023-06-13 14:45:00,4751.75,4754.75,8.40,-308.40,trend
W0532,ESZ4,Long,2.0,2023-06-14 09:45:00,2023-06-14 14:45:00,4923.00,4924.50,8.40,141.60,trend
W0533,ESZ4,Short,2.0,2023-06-15 09:45:00,2023-06-15 10:45:00,4998.25,4996.50,8.40,166.60,trend
W0534,ESZ4,Long,2.0,2023-06-16 09:45:00,2023-06-16 11:45:00,4921.75,4931.25,8.40,941.60,trend
W0535,ESZ4,Short,2.0,2023-06-19 09:45:00,2023-06-19 10:45:00,5104.00,5106.50,8.40,-258.40,trend
W0536,ESZ4,Long,2.0,2023-06-20 09:45:00,2023-06-20 12:45:00,4800.00,4809.75,8.40,966.60,trend
W0537,ESZ4,Short,2.0,2023-06-21 09:45:00,2023-06-21 14:45:00,4459.75,4454.75,8.40,491.60,trend
W0538,ESZ4,Short,2.0,2023-06-22 09:45:00,2023-06-22 11:45:00,4672.00,4670.75,8.40,116.60,trend
W0539,ESZ4,Short,2.0,2023-06-23 09:45:00,2023-06-23 12:45:00,5103.25,5100.75,8.40,241.60,trend
W0540,ESZ4,Short,2.0,2023-06-26 09:45:00,2023-06-26 11:45:00,4337.00,4334.50,8.40,241.60,trend
W0541,ESZ4,Long,2.0,2023-06-27 09:45:00,2023-06-27 12:45:00,5009.00,5009.75,8.40,66.60,trend
W0542,ESZ4,Long,2.0,2023-06-28 09:45:00,2023-06-28 14:45:00,4841.00,4838.50,8.40,-258.40,trend
W0543,ESZ4,Short,2.0,2023-06-29 09:45:00,2023-06-29 14:45:00,5165.75,5171.00,8.40,-533.40,trend
W0544,ESZ4,Short,2.0,2023-06-30 09:45:00,2023-06-30 10:45:00,4380.25,4378.50,8.40,166.60,trend
W0545,ESZ4,Long,2.0,2023-07-03 09:45:00,2023-07-03 13:45:00,4826.75,4827.75,8.40,91.60,trend
W0546,ESZ4,Short,2.0,2023-07-04 09:45:00,2023-07-04 13:45:00,4426.75,4426.75,8.40,-8.40,trend
W0547,ESZ4,Long,2.0,2023-07-05 09:45:00,2023-07-05 10:45:00,4242.00,4248.25,8.40,616.60,trend
W0548,ESZ4,Long,2.0,2023-07-06 09:45:00,2023-07-06 13:45:00,4442.50,4444.50,8.40,191.60,trend
W0549,ESZ4,Long,2.0,2023-07-07 09:45:00,2023-07-07 11:45:00,4666.75,4668.00,8.40,116.60,trend
W0550,ESZ4,Long,2.0,2023-07-10 09:45:00,2023-07-10 13:45:00,4217.50,4218.25,8.40,66.60,trend
W0551,ESZ4,Long,2.0,2023-07-11 09:45:00,2023-07-11 10:45:00,4912.75,4921.50,8.40,866.60,trend
W0552,ESZ4,Short,2.0,2023-07-12 09:45:00,2023-07-12 11:45:00,4910.25,4906.75,8.40,341.60,trend
W0553,ESZ4,Short,2.0,2023-07-13 09:45:00,2023-07-13 10:45:00,4597.25,4599.25,8.40,-208.40,trend
W0554,ESZ4,Long,2.0,2023-07-14 09:45:00,2023-07-14 11:45:00,4545.25,4544.00,8.40,-133.40,trend
W0555,ESZ4,Long,2.0,2023-07-17 09:45:00,2023-07-17 10:45:00,5117.25,5116.50,8.40,-83.40,trend
W0556,ESZ4,Short,2.0,2023-07-18 09:45:00,2023-07-18 14:45:00,4201.50,4203.75,8.40,-233.40,trend
W0557,ESZ4,Long,2.0,2023-07-19 09:45:00,2023-07-19 10:45:00,5197.25,5190.75,8.40,-658.40,trend
W0558,ESZ4,Short,2.0,2023-07-20 09:45:00,2023-07-20 14:45:00,5194.50,5198.00,8.40,-358.40,trend
W0559,ESZ4,Long,2.0,2023-07-21 09:45:00,2023-07-21 14:45:00,5130.25,5131.75,8.40,141.60,trend
W0560,ESZ4,Short,2.0,2023-07-24 09:45:00,2023-07-24 11:45:00,5090.00,5084.75,8.40,516.60,trend
W0561,ESZ4,Long,2.0,2023-07-25 09:45:00,2023-07-25 12:45:00,4229.00,4227.50,8.40,-158.40,trend
W0562,ESZ4,Short,2.0,2023-07-26 09:45:00,2023-07-26 10:45:00,4914.25,4908.50,8.40,566.60,trend
W0563,ESZ4,Long,2.0,2023-07-27 09:45:00,2023-07-27 14:45:00,4206.50,4204.75,8.40,-183.40,trend
W0564,ESZ4,Short,2.0,2023-07-28 09:45:00,2023-07-28 14:45:00,5073.75,5081.50,8.40,-783.40,trend
W0565,ESZ4,Short,2.0,2023-07-31 09:45:00,2023-07-31 10:45:00,4787.00,4781.75,8.40,516.60,trend
W0566,ESZ4,Long,2.0,2023-08-01 09:45:00,2023-08-01 10:45:00,4269.75,4270.75,8.40,91.60,trend
W0567,ESZ4,Short,2.0,2023-08-02 09:45:00,2023-08-02 12:45:00,4869.50,4863.50,8.40,591.60,trend
W0568,ESZ4,Long,2.0,2023-08-03 09:45:00,2023-08-03 13:45:00,4510.25,4517.75,8.40,741.60,trend
W0569,ESZ4,Long,2.0,2023-08-04 09:45:00,2023-08-04 10:45:00,4904.00,4894.75,8.40,-933.40,trend
W0570,ESZ4,Long,2.0,2023-08-07 09:45:00,2023-08-07 11:45:00,4830.50,4823.50,8.40,-708.40,trend
W0571,ESZ4,Long,2.0,2023-08-08 09:45:00,2023-08-08 10:45:00,4653.50,4655.50,8.40,191.60,trend
W0572,ESZ4,Long,2.0,2023-08-09 09:45:00,2023-08-09 10:45:00,4732.25,4733.50,8.40,116.60,trend
W0573,ESZ4,Short,2.0,2023-08-10 09:45:00,2023-08-10 10:45:00,4719.50,4721.50,8.40,-208.40,trend
W0574,ESZ4,Short,2.0,2023-08-11 09:45:00,2023-08-11 13:45:00,4665.25,4658.50,8.40,666.60,trend
W0575,ESZ4,Short,2.0,2023-08-14 09:45:00,2023-08-14 14:45:00,4767.00,4766.50,8.40,41.60,trend
W0576,ESZ4,Long,2.0,2023-08-15 09:45:00,2023-08-15 14:45:00,4651.00,4653.50,8.40,241.60,trend
W0577,ESZ4,Long,2.0,2023-08-16 09:45:00,2023-08-16 12:45:00,4442.25,4446.00,8.40,366.60,trend
W0578,ESZ4,Long,2.0,2023-08-17 09:45:00,2023-08-17 13:45:00,4206.25,4207.75,8.40,141.60,trend
W0579,ESZ4,Short,2.0,2023-08-18 09:45:00,2023-08-18 12:45:00,4535.75,4533.75,8.40,191.60,trend
W0580,ESZ4,Short,2.0,2023-08-21 09:45:00,2023-08-21 10:45:00,4383.25,4385.50,8.40,-233.40,trend
W0581,ESZ4,Long,2.0,2023-08-22 09:45:00,2023-08-22 12:45:00,5034.75,5033.25,8.40,-158.40,trend
W0582,ESZ4,Long,2.0,2023-08-23 09:45:00,2023-08-23 11:45:00,4533.75,4534.50,8.40,66.60,trend
W0583,ESZ4,Short,2.0,2023-08-24 09:45:00,2023-08-24 13:45:00,5142.00,5141.50,8.40,41.60,trend
W0584,ESZ4,Long,2.0,2023-08-25 09:45:00,2023-08-25 10:45:00,4325.25,4320.00,8.40,-533.40,trend
W0585,ESZ4,Long,2.0,2023-08-28 09:45:00,2023-08-28 12:45:00,4855.75,4862.50,8.40,666.60,trend
W0586,ESZ4,Long,2.0,2023-08-29 09:45:00,2023-08-29 14:45:00,4373.00,4370.50,8.40,-258.40,trend
W0587,ESZ4,Long,2.0,2023-08-30 09:45:00,2023-08-30 13:45:00,4757.00,4753.50,8.40,-358.40,trend
W0588,ESZ4,Short,2.0,2023-08-31 09:45:00,2023-08-31 13:45:00,4949.25,4939.50,8.40,966.60,trend
W0589,ESZ4,Short,2.0,2023-09-01 09:45:00,2023-09-01 13:45:00,4306.50,4304.00,8.40,241.60,trend
W0590,ESZ4,Long,2.0,2023-09-04 09:45:00,2023-09-04 11:45:00,4823.50,4824.50,8.40,91.60,trend
W0591,ESZ4,Short,2.0,2023-09-05 09:45:00,2023-09-05 12:45:00,4594.75,4588.75,8.40,591.60,trend
W0592,ESZ4,Long,2.0,2023-09-06 09:45:00,2023-09-06 12:45:00,4320.50,4328.00,8.40,741.60,trend
W0593,ESZ4,Long,2.0,2023-09-07 09:45:00,2023-09-07 12:45:00,4204.50,4203.00,8.40,-158.40,trend
W0594,ESZ4,Short,2.0,2023-09-08 09:45:00,2023-09-08 13:45:00,4695.25,4691.50,8.40,366.60,trend
W0595,ESZ4,Long,2.0,2023-09-11 09:45:00,2023-09-11 10:45:00,4212.75,4210.75,8.40,-208.40,trend
W0596,ESZ4,Short,2.0,2023-09-12 09:45:00,2023-09-12 14:45:00,4670.25,4672.75,8.40,-258.40,trend
W0597,ESZ4,Short,2.0,2023-09-13 09:45:00,2023-09-13 14:45:00,4954.25,4955.00,8.40,-83.40,trend
W0598,ESZ4,Long,2.0,2023-09-14 09:45:00,2023-09-14 13:45:00,4880.75,4873.50,8.40,-733.40,trend
W0599,ESZ4,Short,2.0,2023-09-15 09:45:00,2023-09-15 14:45:00,4440.00,4441.50,8.40,-158.40,trend
W0600,ESZ4,Short,2.0,2023-09-18 09:45:00,2023-09-18 13:45:00,4438.75,4429.25,8.40,941.60,trend
W0601,ESZ4,Long,2.0,2023-09-19 09:45:00,2023-09-19 10:45:00,4418.25,4424.50,8.40,616.60,trend
W0602,ESZ4,Short,2.0,2023-09-20 09:45:00,2023-09-20 12:45:00,4488.25,4482.25,8.40,591.60,trend
W0603,ESZ4,Long,2.0,2023-09-21 09:45:00,2023-09-21 14:45:00,5004.75,4998.50,8.40,-633.40,trend
W0604,ESZ4,Short,2.0,2023-09-22 09:45:00,2023-09-22 10:45:00,5029.00,5030.25,8.40,-133.40,trend
W0605,ESZ4,Long,2.0,2023-09-25 09:45:00,2023-09-25 12:45:00,4371.25,4379.00,8.40,766.60,trend
W0606,ESZ4,Short,2.0,2023-09-26 09:45:00,2023-09-26 14:45:00,5005.75,5014.50,8.40,-883.40,trend
W0607,ESZ4,Short,2.0,2023-09-27 09:45:00,2023-09-27 10:45:00,4520.50,4521.00,8.40,-58.40,trend
W0608,ESZ4,Long,2.0,2023-09-28 09:45:00,2023-09-28 11:45:00,4416.25,4415.00,8.40,-133.40,trend
W0609,ESZ4,Short,2.0,2023-09-29 09:45:00,2023-09-29 12:45:00,4984.00,4977.00,8.40,691.60,trend
W0610,ESZ4,Short,2.0,2023-10-02 09:45:00,2023-10-02 10:45:00,4596.25,4590.50,8.40,566.60,trend
W0611,ESZ4,Short,2.0,2023-10-03 09:45:00,2023-10-03 14:45:00,4650.75,4645.00,8.40,566.60,trend
W0612,ESZ4,Short,2.0,2023-10-04 09:45:00,2023-10-04 10:45:00,4912.75,4911.50,8.40,116.60,trend
W0613,ESZ4,Long,2.0,2023-10-05 09:45:00,2023-10-05 13:45:00,4736.75,4737.75,8.40,91.60,trend
W0614,ESZ4,Long,2.0,2023-10-06 09:45:00,2023-10-06 11:45:00,4503.25,4508.00,8.40,466.60,trend
W0615,ESZ4,Long,2.0,2023-10-09 09:45:00,2023-10-09 13:45:00,5111.25,5108.25,8.40,-308.40,trend
W0616,ESZ4,Long,2.0,2023-10-10 09:45:00,2023-10-10 13:45:00,4395.50,4399.00,8.40,341.60,trend
W0617,ESZ4,Short,2.0,2023-10-11 09:45:00,2023-10-11 10:45:00,4281.50,4277.75,8.40,366.60,trend
W0618,ESZ4,Long,2.0,2023-10-12 09:45:00,2023-10-12 12:45:00,4623.25,4621.50,8.40,-183.40,trend
W0619,ESZ4,Short,2.0,2023-10-13 09:45:00,2023-10-13 12:45:00,4677.25,4672.00,8.40,516.60,trend
W0620,ESZ4,Long,2.0,2023-10-16 09:45:00,2023-10-16 11:45:00,5070.75,5073.50,8.40,266.60,trend
W0621,ESZ4,Short,2.0,2023-10-17 09:45:00,2023-10-17 13:45:00,4893.50,4904.25,8.40,-1083.40,trend
W0622,ESZ4,Short,2.0,2023-10-18 09:45:00,2023-10-18 10:45:00,4552.00,4556.00,8.40,-408.40,trend
W0623,ESZ4,Long,2.0,2023-10-19 09:45:00,2023-10-19 13:45:00,4388.00,4387.25,8.40,-83.40,trend
W0624,ESZ4,Short,2.0,2023-10-20 09:45:00,2023-10-20 12:45:00,4933.50,4931.75,8.40,166.60,trend
W0625,ESZ4,Long,2.0,2023-10-23 09:45:00,2023-10-23 12:45:00,4881.00,4880.50,8.40,-58.40,trend
W0626,ESZ4,Short,2.0,2023-10-24 09:45:00,2023-10-24 10:45:00,4333.75,4330.50,8.40,316.60,trend
W0627,ESZ4,Short,2.0,2023-10-25 09:45:00,2023-10-25 12:45:00,4771.75,4772.75,8.40,-108.40,trend
W0628,ESZ4,Long,2.0,2023-10-26 09:45:00,2023-10-26 14:45:00,4584.25,4582.00,8.40,-233.40,trend
W0629,ESZ4,Long,2.0,2023-10-27 09:45:00,2023-10-27 10:45:00,5075.25,5076.25,8.40,91.60,trend
W0630,ESZ4,Long,2.0,2023-10-30 09:45:00,2023-10-30 11:45:00,4658.75,4657.50,8.40,-133.40,trend
W0631,ESZ4,Long,2.0,2023-10-31 09:45:00,2023-10-31 12:45:00,4256.00,4254.25,8.40,-183.40,trend
W0632,ESZ4,Long,2.0,2023-11-01 09:45:00,2023-11-01 12:45:00,5053.25,5057.50,8.40,416.60,trend
W0633,ESZ4,Short,2.0,2023-11-02 09:45:00,2023-11-02 13:45:00,4772.00,4772.75,8.40,-83.40,trend
W0634,ESZ4,Long,2.0,2023-11-03 09:45:00,2023-11-03 11:45:00,5090.00,5093.75,8.40,366.60,trend
W0635,ESZ4,Short,2.0,2023-11-06 09:45:00,2023-11-06 11:45:00,4327.75,4324.00,8.40,366.60,trend
W0636,ESZ4,Short,2.0,2023-11-07 09:45:00,2023-11-07 11:45:00,4500.75,4504.75,8.40,-408.40,trend
W0637,ESZ4,Short,2.0,2023-11-08 09:45:00,2023-11-08 10:45:00,4753.00,4744.00,8.40,891.60,trend
W0638,ESZ4,Long,2.0,2023-11-09 09:45:00,2023-11-09 10:45:00,4621.75,4623.75,8.40,191.60,trend
W0639,ESZ4,Short,2.0,2023-11-10 09:45:00,2023-11-10 11:45:00,4259.00,4255.50,8.40,341.60,trend
W0640,ESZ4,Long,2.0,2023-11-13 09:45:00,2023-11-13 10:45:00,4239.00,4240.50,8.40,141.60,trend
W0641,ESZ4,Short,2.0,2023-11-14 09:45:00,2023-11-14 10:45:00,4703.75,4705.00,8.40,-133.40,trend
W0642,ESZ4,Long,2.0,2023-11-15 09:45:00,2023-11-15 11:45:00,4957.25,4960.50,8.40,316.60,trend
W0643,ESZ4,Short,2.0,2023-11-16 09:45:00,2023-11-16 13:45:00,4908.25,4916.25,8.40,-808.40,trend
W0644,ESZ4,Short,2.0,2023-11-17 09:45:00,2023-11-17 10:45:00,4407.50,4410.00,8.40,-258.40,trend
W0645,ESZ4,Short,2.0,2023-11-20 09:45:00,2023-11-20 10:45:00,4730.25,4734.75,8.40,-458.40,trend
W0646,ESZ4,Long,2.0,2023-11-21 09:45:00,2023-11-21 11:45:00,4978.75,4987.25,8.40,841.60,trend
W0647,ESZ4,Short,2.0,2023-11-22 09:45:00,2023-11-22 14:45:00,4428.50,4421.50,8.40,691.60,trend
W0648,ESZ4,Short,2.0,2023-11-23 09:45:00,2023-11-23 14:45:00,4399.50,4406.25,8.40,-683.40,trend
W0649,ESZ4,Long,2.0,2023-11-24 09:45:00,2023-11-24 14:45:00,4815.25,4816.00,8.40,66.60,trend
W0650,ESZ4,Long,2.0,2023-11-27 09:45:00,2023-11-27 10:45:00,4516.25,4509.25,8.40,-708.40,trend
W0651,ESZ4,Short,2.0,2023-11-28 09:45:00,2023-11-28 11:45:00,4214.50,4208.75,8.40,566.60,trend
W0652,ESZ4,Long,2.0,2023-11-29 09:45:00,2023-11-29 10:45:00,4703.50,4713.25,8.40,966.60,trend
W0653,ESZ4,Long,2.0,2023-11-30 09:45:00,2023-11-30 10:45:00,5128.25,5125.00,8.40,-333.40,trend
W0654,ESZ4,Short,2.0,2023-12-01 09:45:00,2023-12-01 10:45:00,4638.50,4634.75,8.40,366.60,trend
W0655,ESZ4,Short,2.0,2023-12-04 09:45:00,2023-12-04 10:45:00,4984.75,4987.75,8.40,-308.40,trend
W0656,ESZ4,Long,2.0,2023-12-05 09:45:00,2023-12-05 12:45:00,5125.50,5124.50,8.40,-108.40,trend
W0657,ESZ4,Long,2.0,2023-12-06 09:45:00,2023-12-06 13:45:00,4656.25,4665.75,8.40,941.60,trend
W0658,ESZ4,Long,2.0,2023-12-07 09:45:00,2023-12-07 14:45:00,5105.75,5105.00,8.40,-83.40,trend
W0659,ESZ4,Short,2.0,2023-12-08 09:45:00,2023-12-08 13:45:00,4780.50,4780.50,8.40,-8.40,trend
W0660,ESZ4,Short,2.0,2023-12-11 09:45:00,2023-12-11 10:45:00,4491.75,4488.00,8.40,366.60,trend
W0661,ESZ4,Short,2.0,2023-12-12 09:45:00,2023-12-12 10:45:00,4287.00,4295.50,8.40,-858.40,trend
W0662,ESZ4,Long,2.0,2023-12-13 09:45:00,2023-12-13 14:45:00,4908.25,4908.25,8.40,-8.40,trend
W0663,ESZ4,Long,2.0,2023-12-14 09:45:00,2023-12-14 12:45:00,5123.50,5122.75,8.40,-83.40,trend
W0664,ESZ4,Short,2.0,2023-12-15 09:45:00,2023-12-15 10:45:00,4944.50,4944.25,8.40,16.60,trend
W0665,ESZ4,Short,2.0,2023-12-18 09:45:00,2023-12-18 11:45:00,5022.00,5020.50,8.40,141.60,trend
W0666,ESZ4,Long,2.0,2023-12-19 09:45:00,2023-12-19 12:45:00,4349.00,4358.50,8.40,941.60,trend
W0667,ESZ4,Short,2.0,2023-12-20 09:45:00,2023-12-20 14:45:00,4661.50,4664.75,8.40,-333.40,trend
W0668,ESZ4,Long,2.0,2023-12-21 09:45:00,2023-12-21 12:45:00,4937.00,4937.50,8.40,41.60,trend
W0669,ESZ4,Short,2.0,2023-12-22 09:45:00,2023-12-22 11:45:00,4258.00,4258.00,8.40,-8.40,trend
W0670,ESZ4,Short,2.0,2023-12-25 09:45:00,2023-12-25 12:45:00,4481.25,4485.00,8.40,-383.40,trend
W0671,ESZ4,Long,2.0,2023-12-26 09:45:00,2023-12-26 14:45:00,4468.25,4470.25,8.40,191.60,trend
W0672,ESZ4,Short,2.0,2023-12-27 09:45:00,2023-12-27 13:45:00,4712.50,4706.00,8.40,641.60,trend
W0673,ESZ4,Long,2.0,2023-12-28 09:45:00,2023-12-28 12:45:00,4328.75,4325.75,8.40,-308.40,trend
W0674,ESZ4,Short,2.0,2023-12-29 09:45:00,2023-12-29 11:45:00,4266.00,4272.25,8.40,-633.40,trend
W0675,ESZ4,Long,2.0,2024-01-01 09:45:00,2024-01-01 12:45:00,4723.25,4723.75,8.40,41.60,trend
W0676,ESZ4,Long,2.0,2024-01-02 09:45:00,2024-01-02 11:45:00,4282.75,4286.00,8.40,316.60,trend
W0677,ESZ4,Long,2.0,2024-01-03 09:45:00,2024-01-03 13:45:00,4957.50,4963.50,8.40,591.60,trend
W0678,ESZ4,Long,2.0,2024-01-04 09:45:00,2024-01-04 10:45:00,4498.75,4499.00,8.40,16.60,trend
W0679,ESZ4,Short,2.0,2024-01-05 09:45:00,2024-01-05 11:45:00,4626.75,4614.25,8.40,1241.60,trend
W0680,ESZ4,Long,2.0,2024-01-08 09:45:00,2024-01-08 14:45:00,5075.75,5068.50,8.40,-733.40,trend
W0681,ESZ4,Short,2.0,2024-01-09 09:45:00,2024-01-09 12:45:00,4421.75,4411.50,8.40,1016.60,trend
W0682,ESZ4,Short,2.0,2024-01-10 09:45:00,2024-01-10 11:45:00,4340.50,4342.25,8.40,-183.40,trend
W0683,ESZ4,Short,2.0,2024-01-11 09:45:00,2024-01-11 10:45:00,5139.75,5143.75,8.40,-408.40,trend
W0684,ESZ4,Short,2.0,2024-01-12 09:45:00,2024-01-12 12:45:00,4206.25,4201.00,8.40,516.60,trend
W0685,ESZ4,Short,2.0,2024-01-15 09:45:00,2024-01-15 12:45:00,4322.75,4322.00,8.40,66.60,trend
W0686,ESZ4,Short,2.0,2024-01-16 09:45:00,2024-01-16 10:45:00,4242.00,4230.75,8.40,1116.60,trend
W0687,ESZ4,Long,2.0,2024-01-17 09:45:00,2024-01-17 10:45:00,4791.50,4789.00,8.40,-258.40,trend
W0688,ESZ4,Short,2.0,2024-01-18 09:45:00,2024-01-18 13:45:00,4995.00,4992.00,8.40,291.60,trend
W0689,ESZ4,Short,2.0,2024-01-19 09:45:00,2024-01-19 10:45:00,4544.00,4545.75,8.40,-183.40,trend
W0690,ESZ4,Short,2.0,2024-01-22 09:45:00,2024-01-22 14:45:00,4393.00,4393.75,8.40,-83.40,trend
W0691,ESZ4,Long,2.0,2024-01-23 09:45:00,2024-01-23 12:45:00,4312.00,4319.00,8.40,691.60,trend
W0692,ESZ4,Short,2.0,2024-01-24 09:45:00,2024-01-24 14:45:00,4288.00,4287.75,8.40,16.60,trend
W0693,ESZ4,Short,2.0,2024-01-25 09:45:00,2024-01-25 14:45:00,4508.50,4509.25,8.40,-83.40,trend
W0694,ESZ4,Short,2.0,2024-01-26 09:45:00,2024-01-26 10:45:00,4799.25,4802.75,8.40,-358.40,trend
W0695,ESZ4,Short,2.0,2024-01-29 09:45:00,2024-01-29 10:45:00,4573.75,4581.25,8.40,-758.40,trend
W0696,ESZ4,Short,2.0,2024-01-30 09:45:00,2024-01-30 11:45:00,4995.50,4990.50,8.40,491.60,trend
W0697,ESZ4,Long,2.0,2024-01-31 09:45:00,2024-01-31 10:45:00,4305.25,4304.50,8.40,-83.40,trend
W0698,ESZ4,Short,2.0,2024-02-01 09:45:00,2024-02-01 10:45:00,4227.00,4227.75,8.40,-83.40,trend
W0699,ESZ4,Long,2.0,2024-02-02 09:45:00,2024-02-02 14:45:00,5193.25,5201.75,8.40,841.60,trend
W0700,ESZ4,Long,2.0,2024-02-05 09:45:00,2024-02-05 12:45:00,4974.50,4975.50,8.40,91.60,trend
W0701,ESZ4,Long,2.0,2024-02-06 09:45:00,2024-02-06 12:45:00,4640.50,4639.00,8.40,-158.40,trend
W0702,ESZ4,Long,2.0,2024-02-07 09:45:00,2024-02-07 14:45:00,4757.75,4756.75,8.40,-108.40,trend
W0703,ESZ4,Short,2.0,2024-02-08 09:45:00,2024-02-08 14:45:00,4286.00,4282.75,8.40,316.60,trend
W0704,ESZ4,Long,2.0,2024-02-09 09:45:00,2024-02-09 11:45:00,4901.25,4895.00,8.40,-633.40,trend
W0705,ESZ4,Short,2.0,2024-02-12 09:45:00,2024-02-12 13:45:00,4714.75,4720.75,8.40,-608.40,trend
W0706,ESZ4,Long,2.0,2024-02-13 09:45:00,2024-02-13 11:45:00,4414.75,4414.25,8.40,-58.40,trend
W0707,ESZ4,Long,2.0,2024-02-14 09:45:00,2024-02-14 14:45:00,5126.50,5125.25,8.40,-133.40,trend
W0708,ESZ4,Long,2.0,2024-02-15 09:45:00,2024-02-15 10:45:00,4366.75,4362.25,8.40,-458.40,trend
W0709,ESZ4,Short,2.0,2024-02-16 09:45:00,2024-02-16 10:45:00,4872.25,4868.00,8.40,416.60,trend
W0710,ESZ4,Long,2.0,2024-02-19 09:45:00,2024-02-19 10:45:00,4446.75,4452.75,8.40,591.60,trend
W0711,ESZ4,Short,2.0,2024-02-20 09:45:00,2024-02-20 13:45:00,4854.25,4858.00,8.40,-383.40,trend
W0712,ESZ4,Long,2.0,2024-02-21 09:45:00,2024-02-21 10:45:00,4796.00,4799.25,8.40,316.60,trend
W0713,ESZ4,Long,2.0,2024-02-22 09:45:00,2024-02-22 13:45:00,4333.00,4336.00,8.40,291.60,trend
W0714,ESZ4,Short,2.0,2024-02-23 09:45:00,2024-02-23 12:45:00,4693.00,4686.25,8.40,666.60,trend
W0715,ESZ4,Long,2.0,2024-02-26 09:45:00,2024-02-26 14:45:00,4963.25,4963.50,8.40,16.60,trend
W0716,ESZ4,Long,2.0,2024-02-27 09:45:00,2024-02-27 14:45:00,4854.75,4854.00,8.40,-83.40,trend
W0717,ESZ4,Short,2.0,2024-02-28 09:45:00,2024-02-28 12:45:00,4709.50,4709.50,8.40,-8.40,trend
W0718,ESZ4,Long,2.0,2024-02-29 09:45:00,2024-02-29 11:45:00,4687.00,4678.75,8.40,-833.40,trend
W0719,ESZ4,Long,2.0,2024-03-01 09:45:00,2024-03-01 14:45:00,4837.25,4845.00,8.40,766.60,trend
W0720,ESZ4,Short,2.0,2024-03-04 09:45:00,2024-03-04 10:45:00,4548.00,4553.50,8.40,-558.40,trend
W0721,ESZ4,Short,2.0,2024-03-05 09:45:00,2024-03-05 11:45:00,4628.25,4630.25,8.40,-208.40,trend
W0722,ESZ4,Long,2.0,2024-03-06 09:45:00,2024-03-06 14:45:00,5177.25,5173.75,8.40,-358.40,trend
W0723,ESZ4,Long,2.0,2024-03-07 09:45:00,2024-03-07 10:45:00,5032.25,5032.25,8.40,-8.40,trend
W0724,ESZ4,Long,2.0,2024-03-08 09:45:00,2024-03-08 12:45:00,4949.75,4954.25,8.40,441.60,trend
W0725,ESZ4,Short,2.0,2024-03-11 09:45:00,2024-03-11 10:45:00,4463.50,4458.50,8.40,491.60,trend
W0726,ESZ4,Short,2.0,2024-03-12 09:45:00,2024-03-12 10:45:00,4985.50,4985.50,8.40,-8.40,trend
W0727,ESZ4,Long,2.0,2024-03-13 09:45:00,2024-03-13 14:45:00,4280.00,4282.75,8.40,266.60,trend
W0728,ESZ4,Short,2.0,2024-03-14 09:45:00,2024-03-14 10:45:00,4901.25,4903.25,8.40,-208.40,trend
W0729,ESZ4,Short,2.0,2024-03-15 09:45:00,2024-03-15 11:45:00,4705.25,4701.00,8.40,416.60,trend
W0730,ESZ4,Long,2.0,2024-03-18 09:45:00,2024-03-18 13:45:00,4516.50,4525.00,8.40,841.60,trend
W0731,ESZ4,Short,2.0,2024-03-19 09:45:00,2024-03-19 10:45:00,4819.25,4820.75,8.40,-158.40,trend
W0732,ESZ4,Long,2.0,2024-03-20 09:45:00,2024-03-20 13:45:00,4846.75,4852.75,8.40,591.60,trend
W0733,ESZ4,Long,2.0,2024-03-21 09:45:00,2024-03-21 13:45:00,4539.00,4546.50,8.40,741.60,trend
W0734,ESZ4,Short,2.0,2024-03-22 09:45:00,2024-03-22 12:45:00,4404.50,4403.75,8.40,66.60,trend
W0735,ESZ4,Long,2.0,2024-03-25 09:45:00,2024-03-25 12:45:00,5103.00,5101.25,8.40,-183.40,trend
W0736,ESZ4,Long,2.0,2024-03-26 09:45:00,2024-03-26 10:45:00,4622.25,4627.75,8.40,541.60,trend
W0737,ESZ4,Long,2.0,2024-03-27 09:45:00,2024-03-27 10:45:00,4515.50,4512.00,8.40,-358.40,trend
W0738,ESZ4,Short,2.0,2024-03-28 09:45:00,2024-03-28 11:45:00,4853.50,4851.75,8.40,166.60,trend
W0739,ESZ4,Long,2.0,2024-03-29 09:45:00,2024-03-29 11:45:00,4859.50,4861.25,8.40,166.60,trend
W0740,ESZ4,Short,2.0,2024-04-01 09:45:00,2024-04-01 13:45:00,4657.00,4646.75,8.40,1016.60,trend
W0741,ESZ4,Long,2.0,2024-04-02 09:45:00,2024-04-02 13:45:00,5186.25,5187.75,8.40,141.60,trend
W0742,ESZ4,Long,2.0,2024-04-03 09:45:00,2024-04-03 12:45:00,4258.50,4255.75,8.40,-283.40,trend
W0743,ESZ4,Long,2.0,2024-04-04 09:45:00,2024-04-04 11:45:00,5105.50,5101.75,8.40,-383.40,trend
W0744,ESZ4,Long,2.0,2024-04-05 09:45:00,2024-04-05 11:45:00,5085.50,5090.00,8.40,441.60,trend
W0745,ESZ4,Long,2.0,2024-04-08 09:45:00,2024-04-08 13:45:00,4554.75,4549.75,8.40,-508.40,trend
W0746,ESZ4,Short,2.0,2024-04-09 09:45:00,2024-04-09 14:45:00,4489.50,4494.25,8.40,-483.40,trend
W0747,ESZ4,Long,2.0,2024-04-10 09:45:00,2024-04-10 13:45:00,4855.50,4858.75,8.40,316.60,trend
W0748,ESZ4,Long,2.0,2024-04-11 09:45:00,2024-04-11 11:45:00,4270.75,4268.25,8.40,-258.40,trend
W0749,ESZ4,Short,2.0,2024-04-12 09:45:00,2024-04-12 12:45:00,5002.25,4988.75,8.40,1341.60,trend
W0750,ESZ4,Short,2.0,2024-04-15 09:45:00,2024-04-15 11:45:00,4349.50,4355.00,8.40,-558.40,trend
W0751,ESZ4,Long,2.0,2024-04-16 09:45:00,2024-04-16 12:45:00,5099.75,5101.25,8.40,141.60,trend
W0752,ESZ4,Short,2.0,2024-04-17 09:45:00,2024-04-17 11:45:00,4289.75,4300.75,8.40,-1108.40,trend
W0753,ESZ4,Short,2.0,2024-04-18 09:45:00,2024-04-18 10:45:00,4879.75,4877.50,8.40,216.60,trend
W0754,ESZ4,Long,2.0,2024-04-19 09:45:00,2024-04-19 13:45:00,4479.00,4483.25,8.40,416.60,trend
W0755,ESZ4,Short,2.0,2024-04-22 09:45:00,2024-04-22 13:45:00,4826.25,4838.75,8.40,-1258.40,trend
W0756,ESZ4,Short,2.0,2024-04-23 09:45:00,2024-04-23 13:45:00,4229.75,4231.00,8.40,-133.40,trend
W0757,ESZ4,Short,2.0,2024-04-24 09:45:00,2024-04-24 11:45:00,4814.25,4811.50,8.40,266.60,trend
W0758,ESZ4,Long,2.0,2024-04-25 09:45:00,2024-04-25 14:45:00,4727.50,4735.25,8.40,766.60,trend
W0759,ESZ4,Long,2.0,2024-04-26 09:45:00,2024-04-26 12:45:00,4463.50,4468.00,8.40,441.60,trend
W0760,ESZ4,Short,2.0,2024-04-29 09:45:00,2024-04-29 12:45:00,4470.50,4477.00,8.40,-658.40,trend
